"","PartID","Age","Gender","Block","HappySide","BadBlocks","Attn1","Attn2","Attn3","Block1","Block2","Block3","Block4","Block5","Block6","Block7","Block8","Block9","Block10","Block11","Block12","Block13","Block14","Block15","Block16","Val1","Val2","Val3","Val4","Val5","Val6","Val7","Val8","Val9","Val10","Val11","Val12","Val13","Val14","Val15","Val16","AA1","AA2","AA3","AA4","AA5","AA6","AA7","AA8","AA9","AA10","AA11","AA12","AA13","AA14","AA15","AA16","Pred.1","Pred.2","Pred.3","Pred.4","Win1","Win2","Win3","Win4","Win5","Win6","Win7","Win8","Win9","Win10","Win11","Win12","Win13","Win14","Win15","Win16","TestBlock1","TestZaff1","TestCorrect1","TestBlock2","TestZaff2","TestCorrect2","TestBlock3","TestZaff3","TestCorrect3","TestBlock4","TestZaff4","TestCorrect4","GenBlock1","GenZaff1","GenCorrect1","GenBlock2","GenZaff2","GenCorrect2","GenBlock3","GenZaff3","GenCorrect3","GenBlock4","GenZaff4","GenCorrect4","RCD","NumStickers","AgeGroup","AgeYr","TimeSee.BP","TimeSee.BS","TimeSee.WP","TimeSee.WS","BPSeen","BSSeen","WPSeen","WSSeen"
"1","4-10",4.389041096,"M",5,"L","BS",1,1,1,"WP","BS","BP","WS","BP","BS","WS","WP","BP","WS","WP","BS","WS","BP","BS","WP",1,0,1,1,1,0,1,1,1,1,1,0,1,1,0,1,1,1,1,1,1,1,1,1,1,1,1,1,1,1,1,1,1,1,1,0,1,0,1,1,1,0,1,1,1,1,1,0,1,1,0,1,"BP",1,1,"WP",1,1,"WS",1,1,"BS",0,1,"WS",1,1,"BS",0,1,"WP",1,1,"BP",1,1,1,8,"Young",4,4,4,4,4,TRUE,TRUE,TRUE,TRUE
"2","4-11",4.301369863,"M",8,"R","WP",2,3,3,"BS","WP","WS","BP","BS","BP","WP","WS","BS","BP","WP","WS","WP","BP","WS","BS",1,0,1,1,1,1,0,1,1,1,0,1,0,1,1,1,1,1,1,1,1,1,1,1,1,1,1,1,1,1,1,1,1,1,1,0,1,0,1,1,1,1,0,1,1,1,0,1,0,1,1,1,"BP",0,0,"WS",1,1,"BS",1,1,"WP",0,1,"WS",0,0,"BP",0,0,"BS",1,1,"WP",0,1,0,8,"Young",4,4,4,4,4,TRUE,TRUE,TRUE,TRUE
"3","4-12",4.479452055,"M",2,"R","WS",3,1,3,"BP","WS","BS","WP","BS","WP","WS","BP","WS","BP","BS","WP","BP","BS","WP","WS",1,0,1,1,1,1,0,1,0,1,1,1,1,1,1,0,1,0,1,0,1,0,0,1,1,1,1,0,1,1,1,1,1,1,0,1,1,0,1,NA,1,NA,NA,1,0,1,1,NA,1,1,1,0,"BS",0,0,"WP",0,0,"WS",1,0,"BP",0,0,"BP",0,0,"WP",0,0,"BS",0,0,"WS",0,1,0,7,"Young",4,4,4,1,2,TRUE,TRUE,TRUE,TRUE
"4","4-13",4.843835616,"M",3,"L","BP",1,1,1,"WS","BP","WP","BS","WS","BS","WP","BP","BS","BP","WS","WP","BP","WP","WS","BS",1,0,1,1,1,1,1,0,1,0,1,1,0,1,1,1,1,1,1,1,1,1,1,1,1,1,1,1,1,1,1,1,1,0,1,0,1,0,1,1,1,1,1,0,1,0,1,1,0,1,1,1,"BS",1,1,"BP",1,0,"WP",0,0,"WS",1,1,"BS",1,1,"WS",0,0,"WP",1,1,"BP",0,1,0,8,"Young",4,4,4,4,4,TRUE,TRUE,TRUE,TRUE
"5","4-14",4.673972603,"M",7,"R","BP",2,1,1,"WS","BP","BS","WP","BP","BS","WP","WS","BS","WS","BP","WP","BS","BP","WP","WS",1,0,1,1,0,1,1,1,1,1,0,1,1,0,1,1,1,1,1,1,1,1,1,1,1,1,1,1,1,1,1,1,1,0,1,0,1,0,1,1,0,1,1,1,1,1,0,1,1,0,1,1,"WS",1,1,"BP",0,1,"WP",1,1,"BS",1,1,"WS",1,1,"BS",0,0,"BP",1,0,"WP",0,0,1,8,"Young",4,4,4,4,4,TRUE,TRUE,TRUE,TRUE
"6","4-15",4.64109589,"M",2,"R","WS",3,3,3,"BP","WS","BS","WP","BS","WS","WP","BP","WP","BS","BP","WS","BS","WP","BP","WS",1,0,1,1,1,0,1,1,1,1,1,0,1,1,1,0,1,1,1,1,1,1,1,1,1,1,1,1,1,1,1,1,0,1,1,1,1,0,1,1,1,0,1,1,1,1,1,0,1,1,1,0,"BS",1,1,"WP",1,1,"WS",0,1,"BP",1,1,"BS",1,1,"WP",1,1,"WS",1,0,"BP",1,1,1,8,"Young",4,4,4,4,4,TRUE,TRUE,TRUE,TRUE
"7","4-16",4.761643836,"M",1,"R","BS",2,1,3,"WP","BS","WS","BP","BS","BP","WP","WS","BP","WS","WP","BS","WS","BS","BP","WP",1,0,1,1,0,1,1,1,1,1,1,0,1,0,1,1,0,1,1,0,1,1,1,1,1,1,1,0,1,0,1,1,1,1,1,0,NA,0,1,NA,0,1,1,1,1,1,1,NA,1,NA,1,1,"WS",1,1,"BS",0,1,"BP",0,0,"WP",0,0,"WS",1,1,"WP",0,0,"BS",0,1,"BP",1,1,0,10,"Young",4,3,2,3,4,TRUE,TRUE,TRUE,TRUE
"8","4-17",4.312328767,"F",1,"R","BS",2,1,3,"WP","BS","WS","BP","WP","BP","BS","WS","BP","WS","BS","WP","BP","WP","BS","WS",1,0,1,1,1,1,0,1,1,1,0,1,1,1,0,1,1,1,1,1,1,1,1,1,1,1,1,1,1,1,1,1,1,0,1,0,1,0,1,1,1,1,0,1,1,1,0,1,1,1,0,1,"BP",1,1,"WS",1,1,"BS",0,1,"WP",1,1,"BP",0,0,"WP",0,0,"WS",1,1,"BS",1,0,1,8,"Young",4,4,4,4,4,TRUE,TRUE,TRUE,TRUE
"9","4-18",4.378082192,"F",5,"L","BS",2,1,1,"WP","BS","BP","WS","BS","WS","WP","BP","WS","BS","BP","WP","BS","BP","WS","WP",1,0,1,1,0,1,1,1,1,0,1,1,0,1,1,1,1,1,1,0,0,1,1,1,1,1,1,1,1,1,1,1,1,0,1,0,1,0,1,NA,NA,1,1,1,1,0,1,1,0,1,1,1,"WS",1,1,"BS",1,0,"BP",1,1,"WP",0,0,"BS",0,1,"WS",0,0,"BP",1,1,"WP",1,1,0,9,"Young",4,4,3,4,3,TRUE,TRUE,TRUE,TRUE
"10","4-2",4.805479452,"M",4,"L","WP",3,1,1,"BS","WP","BP","WS","WP","BS","BP","WS","BP","WP","WS","BS","BP","WS","WP","BS",1,0,1,1,0,1,1,1,1,0,1,1,1,1,0,1,1,1,1,1,1,1,1,1,1,1,1,1,1,1,1,1,1,0,0,1,1,0,1,1,0,1,1,1,1,0,1,1,1,1,0,1,"WS",1,1,"WP",0,1,"BP",1,1,"BS",1,1,"WS",1,1,"BP",1,1,"BS",1,1,"WP",0,1,1,8,"Young",4,4,4,4,4,TRUE,TRUE,TRUE,TRUE
"11","4-3",4.216438356,"F",7,"R","BP",2,1,3,"WS","BP","BS","WP","BS","BP","WS","WP","BP","WS","BS","WP","BS","WS","WP","BP",1,0,1,1,1,0,1,1,0,1,1,1,1,1,1,0,1,1,1,1,1,1,1,1,1,1,1,1,1,1,1,1,1,0,1,0,1,0,1,1,1,0,1,1,0,1,1,1,1,1,1,0,"BS",1,1,"WS",1,1,"WP",1,1,"BP",0,1,"WP",1,1,"BS",0,0,"WS",0,0,"BP",1,0,1,8,"Young",4,4,4,4,4,TRUE,TRUE,TRUE,TRUE
"12","4-4",4.22739726,"F",3,"L","BP",1,1,1,"WS","BP","WP","BS","WP","BS","WS","BP","WP","BP","BS","WS","BP","WP","BS","WS",1,0,1,1,1,1,1,0,1,0,1,1,0,1,1,1,1,1,1,1,1,1,1,1,1,1,1,1,1,1,1,1,0,0,0,1,1,0,1,1,1,1,1,0,1,0,1,1,0,1,1,1,"WS",1,1,"BP",0,1,"WP",1,1,"BS",1,1,"WP",1,1,"BP",0,1,"BS",1,1,"WS",1,1,1,8,"Young",4,4,4,4,4,TRUE,TRUE,TRUE,TRUE
"13","4-5",4.619178082,"F",6,"L","WS",2,1,1,"BP","WS","WP","BS","WP","BS","WS","BP","WS","BP","WP","BS","WP","WS","BS","BP",1,0,1,1,1,1,0,1,0,1,1,1,1,0,1,1,0,1,1,1,1,1,1,1,1,1,1,1,1,1,1,1,0,1,1,1,NA,0,1,1,1,1,0,1,0,1,1,1,1,0,1,1,"BS",1,1,"BP",0,0,"WP",0,0,"WS",1,0,"BP",0,0,"BS",0,0,"WP",0,0,"WS",0,1,0,7,"Young",4,3,4,4,4,TRUE,TRUE,TRUE,TRUE
"14","4-6",4.375342466,"M",6,"L","WS",2,1,1,"BP","WS","WP","BS","WP","BS","BP","WS","BP","WP","BS","WS","BS","WS","BP","WP",1,0,1,1,1,1,1,0,1,1,1,0,1,0,1,1,1,1,1,1,1,1,1,1,1,1,1,1,1,1,1,1,1,1,1,0,1,0,1,1,1,1,1,0,1,1,1,0,1,0,1,1,"BS",1,1,"WP",1,1,"BP",1,1,"WS",1,0,"BP",0,0,"BS",0,0,"WS",0,1,"WP",0,0,0,8,"Young",4,4,4,4,4,TRUE,TRUE,TRUE,TRUE
"15","4-7",4.520547945,"M",4,"L","WP",3,3,3,"BS","WP","BP","WS","BP","WP","WS","BS","BP","WP","BS","WS","WP","BP","WS","BS",1,0,1,1,1,0,1,1,1,0,1,1,0,1,1,1,1,1,1,1,1,1,1,1,1,1,1,1,1,1,1,1,1,1,1,1,1,0,1,1,1,0,1,1,1,0,1,1,0,1,1,1,"BP",1,1,"BS",1,1,"WS",1,1,"WP",0,1,"BS",1,1,"WS",1,1,"WP",0,1,"BP",0,0,1,8,"Young",4,4,4,4,4,TRUE,TRUE,TRUE,TRUE
"16","4-8",5.873972603,"F",5,"L","BS",1,1,3,"WP","BS","BP","WS","BS","WS","WP","BP","BS","BP","WS","WP","WS","WP","BS","BP",1,0,1,1,0,1,1,1,0,1,1,1,1,1,0,1,1,1,1,1,0,1,1,1,0,1,1,1,1,1,0,1,1,0,1,0,1,0,1,1,NA,1,1,1,NA,1,1,1,1,1,NA,1,"BP",1,1,"BS",0,1,"WP",1,1,"WS",1,1,"WP",1,1,"BP",1,1,"WS",0,0,"BS",0,1,1,14,"Young",5,4,1,4,4,TRUE,TRUE,TRUE,TRUE
"17","4-9",4.18630137,"M",8,"R","WP",3,2,3,"BS","WP","WS","BP","WS","BS","BP","WP","WS","BS","WP","BP","WP","BP","WS","BS",1,0,1,1,1,1,1,0,1,1,0,1,0,1,1,1,1,1,1,1,1,1,1,1,1,1,1,1,1,1,1,1,1,1,1,1,1,0,1,1,1,1,1,0,1,1,0,1,0,1,1,1,"BS",1,1,"WS",1,1,"WP",1,0,"BP",1,1,"WS",1,1,"BS",1,1,"WP",1,0,"BP",1,1,0,8,"Young",4,4,4,4,4,TRUE,TRUE,TRUE,TRUE
"18","5-1",5.37260274,"F",1,"R","BS",1,1,1,"WP","BS","WS","BP","WS","BP","WP","BS","BP","WP","WS","BS","WS","BP","BS","WP",1,0,1,1,1,1,1,0,1,1,1,0,1,1,0,1,1,1,1,1,1,1,1,1,1,1,0,1,1,1,0,1,1,1,0,1,1,0,1,1,1,1,1,0,1,1,NA,0,1,1,NA,1,"WP",1,1,"BS",0,1,"BP",1,1,"WS",1,1,"BP",1,1,"WP",0,0,"WS",1,1,"BS",1,0,1,9,"Young",5,4,3,4,3,TRUE,TRUE,TRUE,TRUE
"19","5-10",5.816438356,"M",6,"L","WS",1,1,1,"BP","WS","WP","BS","WP","WS","BP","BS","WP","BS","BP","WS","BS","BP","WS","WP",1,0,1,1,1,0,1,1,1,1,1,0,1,1,0,1,1,0,1,0,1,0,1,0,1,0,1,0,0,1,0,1,1,0,1,0,1,NA,1,NA,1,NA,1,NA,1,NA,1,NA,NA,1,NA,1,"WS",0,1,"WP",1,1,"BP",1,1,"BS",0,0,"BP",1,1,"WS",0,1,"WP",1,1,"BS",0,0,1,12,"Young",5,4,0,4,0,TRUE,FALSE,TRUE,FALSE
"20","5-11",5.457534247,"M",7,"R","BP",1,1,3,"WS","BP","BS","WP","BS","WP","BP","WS","BS","WS","BP","WP","WS","BP","BS","WP",1,0,1,1,1,1,0,1,1,1,0,1,1,0,1,1,1,1,1,0,1,0,1,1,1,1,0,0,1,0,1,0,1,1,1,0,1,0,1,NA,1,NA,0,1,1,1,NA,NA,1,NA,1,NA,"WP",0,0,"BS",1,1,"BP",0,1,"WS",1,1,"BS",1,1,"WS",1,1,"WP",0,0,"BP",0,1,1,8,"Young",5,2,4,0,4,TRUE,TRUE,FALSE,TRUE
"21","5-12",5.884931507,"M",2,"R","WS",1,1,1,"BP","WS","BS","WP","BP","BS","WS","WP","BS","BP","WP","WS","BP","WS","BS","WP",1,0,1,1,1,1,0,1,1,1,1,0,1,0,1,1,1,1,0,1,1,0,1,1,0,1,1,0,1,0,1,1,1,1,0,1,1,0,NA,1,1,NA,0,1,NA,1,1,NA,1,NA,1,1,"BP",1,1,"WS",0,1,"BS",1,1,"WP",1,1,"BS",1,1,"WP",1,1,"WS",1,0,"BP",1,1,1,9,"Young",5,4,1,4,2,TRUE,TRUE,TRUE,TRUE
"22","5-13",5.082191781,"M",3,"L","BP",2,1,1,"WS","BP","WP","BS","WP","BS","BP","WS","WP","WS","BP","BS","WS","BS","BP","WP",1,0,1,1,1,1,0,1,1,1,0,1,1,1,0,1,1,1,1,1,1,1,1,1,1,1,1,1,1,1,1,1,0,0,1,0,1,0,1,1,1,1,0,1,1,1,0,1,1,1,0,1,"WS",1,1,"BS",1,1,"BP",0,1,"WP",1,1,"BS",1,1,"WP",1,1,"BP",1,0,"WS",1,1,1,8,"Young",5,4,4,4,4,TRUE,TRUE,TRUE,TRUE
"23","5-14",5.41369863,"F",3,"L","BP",1,1,1,"WS","BP","WP","BS","BP","BS","WP","WS","BS","WP","BP","WS","WP","BS","WS","BP",1,0,1,1,0,1,1,1,1,1,0,1,1,1,1,0,1,0,1,0,1,0,1,0,0,1,0,0,1,0,1,0,1,0,1,0,1,NA,1,NA,0,NA,1,NA,NA,1,NA,NA,1,NA,1,NA,"WS",1,1,"BP",0,1,"WP",1,1,"BS",0,0,"BP",0,1,"WS",1,1,"WP",1,1,"BS",0,0,1,8,"Young",5,1,0,4,2,TRUE,FALSE,TRUE,TRUE
"24","5-15",5.306849315,"M",8,"R","WP",1,1,1,"BS","WP","WS","BP","BS","BP","WS","WP","WS","BP","BS","WP","WS","BP","WP","BS",1,0,1,1,1,1,1,0,1,1,1,0,1,1,0,1,1,1,1,1,1,1,1,1,1,1,1,1,1,1,1,1,1,0,1,0,1,0,1,1,1,1,1,0,1,1,1,0,1,1,0,1,"WS",1,1,"BS",1,1,"WP",0,1,"BP",1,1,"WS",1,1,"BS",0,0,"BP",1,1,"WP",1,0,1,8,"Young",5,4,4,4,4,TRUE,TRUE,TRUE,TRUE
"25","5-16",5.347945205,"M",7,"R","BP",1,1,3,"WS","BP","BS","WP","BS","BP","WP","WS","BS","BP","WS","WP","BP","WS","WP","BS",1,0,1,1,1,0,1,1,1,0,1,1,0,1,1,1,1,1,1,1,1,1,1,1,1,1,1,1,1,1,1,1,1,1,1,1,1,0,1,1,1,0,1,1,1,0,1,1,0,1,1,1,"WP",1,1,"BS",1,1,"BP",0,1,"WS",1,1,"WS",1,1,"BS",1,1,"WP",1,1,"BP",0,1,1,8,"Young",5,4,4,4,4,TRUE,TRUE,TRUE,TRUE
"26","5-2",6.216438356,"M",5,"L","BS",1,1,1,"WP","BS","BP","WS","BP","WP","BS","WS","BS","WS","WP","BP","WP","BS","BP","WS",1,0,1,1,1,1,0,1,0,1,1,1,1,0,1,1,1,1,1,0,1,1,0,0,0,0,1,1,1,0,1,0,1,0,1,1,1,0,1,NA,1,1,NA,NA,NA,NA,1,1,1,NA,1,NA,"BP",1,1,"WS",0,0,"BS",0,1,"WP",1,1,"WS",0,0,"WP",1,1,"BS",0,1,"BP",1,1,1,10,"Old",6,4,1,4,0,TRUE,TRUE,TRUE,FALSE
"27","5-3",6.21369863,"F",4,"L","WP",1,1,1,"BS","WP","BP","WS","BP","BS","WS","WP","BP","WP","BS","WS","BS","WP","WS","BP",1,0,1,1,1,1,1,0,1,0,1,1,1,0,1,1,1,0,1,1,1,1,1,1,1,0,1,1,1,0,1,1,1,0,0,1,1,NA,1,1,1,1,1,0,1,NA,1,1,1,NA,1,1,"WP",0,1,"WS",1,1,"BS",1,1,"BP",1,1,"WP",0,1,"BP",1,1,"WS",1,1,"BS",1,1,1,14,"Old",6,4,4,1,4,TRUE,TRUE,TRUE,TRUE
"28","5-4",5.539726027,"F",4,"L","WP",1,1,1,"BS","WP","BP","WS","BP","WP","WS","BS","WS","WP","BS","BP","WP","BS","WS","BP",1,0,1,1,1,0,1,1,1,0,1,1,0,1,1,1,0,1,0,1,0,0,1,1,0,0,1,0,0,1,1,0,0,1,0,1,NA,0,NA,1,NA,NA,1,1,NA,NA,1,NA,NA,1,1,NA,"WP",0,1,"WS",1,1,"BS",1,1,"BP",0,0,"BP",0,0,"BS",1,1,"WP",0,1,"WS",1,1,1,8,"Young",5,0,3,1,3,FALSE,TRUE,TRUE,TRUE
"29","5-6",5.635616438,"F",8,"R","WP",1,1,3,"BS","WP","WS","BP","WP","BP","BS","WS","WP","WS","BP","BS","BP","BS","WS","WP",1,0,1,1,0,1,1,1,0,1,1,1,1,1,1,0,1,1,1,0,0,0,1,1,0,1,0,1,0,1,1,0,1,0,1,0,1,0,1,NA,NA,NA,1,1,NA,1,NA,1,NA,1,1,NA,"WP",0,1,"BS",1,1,"WS",1,1,"BP",0,0,"WS",1,1,"BP",0,0,"WP",0,1,"BS",1,1,1,10,"Young",5,0,4,1,4,FALSE,TRUE,TRUE,TRUE
"30","5-7",5.605479452,"M",2,"R","WS",1,1,3,"BP","WS","BS","WP","BP","WP","BS","WS","BS","BP","WS","WP","BP","BS","WP","WS",1,0,1,1,1,1,1,0,1,1,0,1,1,1,1,0,1,1,1,1,1,1,1,1,1,1,0,1,1,1,1,0,0,0,1,0,1,0,1,1,1,1,1,0,1,1,NA,1,1,1,1,NA,"BP",1,1,"WP",1,1,"BS",1,1,"WS",0,1,"WS",0,1,"BS",1,1,"WP",1,1,"BP",1,1,1,12,"Young",5,4,4,4,2,TRUE,TRUE,TRUE,TRUE
"31","5-8",5.095890411,"F",6,"L","WS",1,1,1,"BP","WS","WP","BS","WS","WP","BP","BS","WS","BP","BS","WP","WS","BS","WP","BP",1,0,1,1,0,1,1,1,0,1,1,1,0,1,1,1,0,1,1,0,0,1,1,0,0,1,0,1,0,0,1,1,0,1,1,0,NA,0,1,NA,NA,1,1,NA,NA,1,NA,1,NA,NA,1,1,"BS",0,0,"WP",1,1,"WS",0,1,"BP",1,1,"BP",1,1,"WP",1,1,"BS",0,0,"WS",0,1,1,9,"Young",5,3,0,4,1,TRUE,FALSE,TRUE,TRUE
"32","5-9",5.816438356,"M",1,"R","BS",1,1,1,"WP","BS","BP","WS","WP","BS","BP","WS","BS","WP","BP","WS","WP","WS","BP","BS",1,0,1,1,1,0,1,1,0,1,1,1,1,1,1,0,1,0,1,0,1,0,1,0,0,1,1,0,1,0,1,0,1,0,1,0,1,NA,1,NA,1,NA,1,NA,NA,1,1,NA,1,NA,1,NA,"WS",0,0,"BP",1,1,"BS",0,1,"WP",1,1,"BP",1,1,"WS",0,0,"BS",0,1,"WP",1,1,1,12,"Young",5,4,0,4,0,TRUE,FALSE,TRUE,FALSE
"33","6-10",6.221917808,"M",6,"L","WS",1,1,1,"BP","WS","WP","BS","WP","BP","BS","WS","BS","BP","WS","WP","BS","BP","WP","WS",1,0,1,1,1,1,1,0,1,1,0,1,1,1,1,0,1,1,1,1,1,1,1,1,1,1,1,1,1,1,1,1,1,0,1,0,1,0,1,1,1,1,1,0,1,1,0,1,1,1,1,0,"BP",1,1,"BS",1,1,"WS",0,1,"WP",1,1,"BP",1,1,"WS",0,1,"WP",1,1,"BS",0,0,1,8,"Old",6,4,4,4,4,TRUE,TRUE,TRUE,TRUE
"34","6-11",6.309589041,"M",3,"L","BP",1,1,1,"WS","BP","WP","BS","WP","BS","BP","WS","BP","WS","WP","BS","WS","BP","WP","BS",1,0,1,1,1,1,0,1,0,1,1,1,1,0,1,1,1,1,1,0,1,1,0,1,1,1,0,1,0,1,1,1,1,1,1,0,1,0,1,NA,1,1,NA,1,0,1,NA,1,NA,0,1,1,"BS",1,1,"WS",0,0,"BP",0,1,"WP",1,1,"BS",1,1,"WP",0,0,"WS",1,1,"BP",1,0,0,7,"Old",6,3,3,3,3,TRUE,TRUE,TRUE,TRUE
"35","6-12",6.567123288,"F",8,"R","WP",1,1,1,"BS","WP","WS","BP","WS","BP","BS","WP","WS","BS","WP","BP","BS","BP","WP","WS",1,0,1,1,1,1,1,0,1,1,0,1,1,1,0,1,0,1,1,0,1,0,0,0,1,0,0,0,0,0,0,1,0,NA,1,0,NA,0,1,NA,1,NA,NA,NA,1,NA,NA,NA,NA,NA,NA,1,"BP",0,0,"WS",1,1,"BS",0,0,"WP",0,1,"WP",1,0,"BS",0,0,"WS",1,1,"BP",0,0,1,6,"Old",6,0,0,1,4,FALSE,FALSE,TRUE,TRUE
"36","6-13",6.073972603,"M",1,"R","BS",1,1,1,"WP","BS","WS","BP","WP","BS","BP","WS","BP","BS","WP","WS","BP","WP","WS","BS",1,0,1,1,1,0,1,1,1,0,1,1,1,1,1,0,1,0,1,0,0,1,1,0,1,0,1,1,1,1,1,0,1,0,1,0,1,NA,1,NA,NA,0,1,NA,1,NA,1,1,1,1,1,NA,"BP",1,1,"BS",0,1,"WP",1,1,"WS",1,1,"BP",1,1,"BS",0,1,"WP",0,0,"WS",1,1,1,11,"Old",6,3,1,3,3,TRUE,TRUE,TRUE,TRUE
"37","6-14",6.619178082,"M",4,"L","WP",1,1,1,"BS","WP","BP","WS","BP","BS","WP","WS","BP","BS","WS","WP","WS","WP","BP","BS",1,0,1,1,1,1,0,1,1,1,1,0,1,0,1,1,1,1,1,1,1,1,1,1,1,1,1,1,1,1,1,1,1,0,1,1,1,0,1,1,1,1,0,1,1,1,1,0,1,0,1,1,"BP",1,1,"WP",0,1,"BS",1,1,"WS",1,1,"BP",1,1,"WP",0,1,"BS",1,1,"WS",1,1,1,8,"Old",6,4,4,4,4,TRUE,TRUE,TRUE,TRUE
"38","6-15",6.545205479,"F",6,"L","WS",1,1,1,"BP","WS","WP","BS","WS","BS","WP","BP","WS","BP","WP","BS","BP","WS","BS","WP",1,0,1,1,0,1,1,1,0,1,1,1,1,0,1,1,1,0,1,0,0,0,1,1,0,1,1,0,1,0,0,1,1,0,1,0,1,NA,1,NA,NA,NA,1,1,NA,1,1,NA,1,NA,NA,1,"WP",1,1,"BS",0,0,"BP",1,1,"WS",0,1,"BP",1,1,"WP",1,1,"WS",0,1,"BS",0,0,1,12,"Old",6,4,0,4,0,TRUE,FALSE,TRUE,FALSE
"39","6-16",6.665753425,"M",2,"R","WS",1,1,1,"BP","WS","BS","WP","WS","BP","BS","WP","WS","BS","BP","WP","WS","BP","WP","BS",1,0,1,1,0,1,1,1,0,1,1,1,0,1,1,1,1,1,1,1,1,1,1,1,1,1,1,1,1,1,1,1,1,0,0,0,1,0,1,1,0,1,1,1,0,1,1,1,0,1,1,1,"WP",1,1,"WS",0,1,"BP",0,0,"BS",1,1,"WS",1,0,"WP",1,1,"BS",1,1,"BP",1,1,0,8,"Old",6,4,4,4,4,TRUE,TRUE,TRUE,TRUE
"40","6-17",5.284931507,"M",5,"L","BS",2,1,3,"WP","BS","BP","WS","BP","BS","WS","WP","WS","BS","WP","BP","WP","WS","BS","BP",1,0,1,1,1,0,1,1,1,0,1,1,1,1,0,1,1,1,1,1,1,1,1,1,1,1,1,1,1,1,1,1,1,1,1,0,1,0,1,1,1,0,1,1,1,0,1,1,1,1,0,1,"BP",1,1,"WP",1,1,"BS",0,1,"WS",0,0,"WP",1,1,"WS",1,1,"BS",1,0,"BP",1,1,0,8,"Young",5,4,4,4,4,TRUE,TRUE,TRUE,TRUE
"41","6-17b",6.391780822,"M",5,"L","BS",1,1,1,"WP","BS","BP","WS","BP","WP","WS","BS","BP","BS","WP","WS","BS","WP","BP","WS",1,0,1,1,1,1,1,0,1,0,1,1,0,1,1,1,1,1,1,1,1,1,1,1,1,0,1,1,0,1,1,1,1,1,1,1,1,0,1,1,1,1,1,0,1,0,1,1,0,1,1,1,"WS",1,1,"BS",0,1,"BP",1,1,"WP",1,1,"WP",1,1,"WS",0,0,"BS",0,1,"BP",1,1,1,12,"Old",6,4,2,4,4,TRUE,TRUE,TRUE,TRUE
"42","6-3",5.646575342,"F",4,"L","WP",1,2,1,"BS","WP","BP","WS","BP","WP","WS","BS","BS","BP","WP","WS","WP","BP","BS","WS",1,0,1,1,1,0,1,1,1,1,0,1,0,1,1,1,1,1,1,1,1,1,1,1,1,1,1,1,1,1,1,1,1,0,1,0,1,0,1,1,1,0,1,1,1,1,0,1,0,1,1,1,"BS",1,1,"BP",1,1,"WS",1,1,"WP",0,1,"WP",0,1,"BP",1,1,"WS",1,1,"BS",1,1,1,8,"Young",5,4,4,4,4,TRUE,TRUE,TRUE,TRUE
"43","6-4",6.709589041,"F",8,"R","WP",1,1,1,"BS","WP","WS","BP","BS","BP","WP","WS","BP","WP","BS","WS","BP","BS","WS","WP",1,0,1,1,1,1,0,1,1,0,1,1,1,1,1,0,1,1,1,1,1,1,1,1,1,1,1,1,1,1,1,1,0,0,1,0,1,0,1,1,1,1,0,1,1,0,1,1,1,1,1,0,"BP",1,1,"BS",1,1,"WP",0,1,"WS",0,0,"BS",1,1,"BP",0,0,"WP",0,1,"WS",1,1,0,8,"Old",6,4,4,4,4,TRUE,TRUE,TRUE,TRUE
"44","6-5",6.139726027,"M",2,"R","WS",1,1,3,"BP","WS","BS","WP","WS","WP","BP","BS","WP","BS","WS","BP","BS","WP","BP","WS",1,0,1,1,0,1,1,1,1,1,0,1,1,1,1,0,1,1,1,1,1,1,1,1,1,1,0,1,1,1,1,0,1,1,0,1,1,0,1,1,0,1,1,1,1,1,NA,1,1,1,1,NA,"BP",1,1,"WP",1,1,"BS",1,1,"WS",0,1,"WS",0,1,"BS",1,1,"BP",1,1,"WP",1,1,1,12,"Old",6,4,4,4,2,TRUE,TRUE,TRUE,TRUE
"45","6-6",6.389041096,"F",3,"L","BP",1,1,1,"WS","BP","WP","BS","BP","BS","WP","WS","WP","WS","BS","BP","WS","WP","BP","BS",1,0,1,1,0,1,1,1,1,1,1,0,1,1,0,1,1,1,1,0,0,0,1,1,1,1,0,0,1,1,0,0,1,0,1,0,1,0,1,NA,NA,NA,1,1,1,1,NA,NA,1,1,NA,NA,"WS",1,1,"BS",0,0,"BP",0,1,"WP",1,1,"BS",0,0,"WS",1,1,"WP",1,1,"BP",0,1,1,10,"Old",6,1,0,4,4,TRUE,FALSE,TRUE,TRUE
"46","6-7",6.42739726,"M",7,"R","BP",1,1,1,"WS","BP","BS","WP","BS","WP","BP","WS","BP","WP","WS","BS","BP","WS","BS","WP",1,0,1,1,1,1,0,1,0,1,1,1,0,1,1,1,1,0,1,0,1,0,1,1,0,0,1,1,0,1,1,0,0,0,1,0,1,NA,1,NA,1,NA,0,1,NA,NA,1,1,NA,1,1,NA,"WP",0,0,"BS",1,1,"BP",0,1,"WS",1,1,"WP",0,0,"WS",1,1,"BS",1,1,"BP",0,1,1,10,"Old",6,1,4,0,4,TRUE,TRUE,FALSE,TRUE
"47","6-8",6.082191781,"F",7,"R","BP",1,1,3,"WS","BP","BS","WP","BS","WS","WP","BP","WS","WP","BS","BP","BS","BP","WS","WP",1,0,1,1,1,1,1,0,1,1,1,0,1,0,1,1,0,1,1,0,1,1,0,0,1,0,1,0,1,0,1,0,0,1,1,0,NA,0,1,NA,1,1,NA,NA,1,NA,1,NA,1,NA,1,NA,"WS",1,1,"WP",0,0,"BS",1,1,"BP",0,1,"BP",1,0,"BS",0,0,"WP",1,1,"WS",0,0,1,9,"Old",6,1,4,0,3,TRUE,TRUE,FALSE,TRUE
"48","6-9",6.082191781,"F",1,"R","BS",2,1,3,"WP","BS","WS","BP","WP","BS","BP","WS","WS","BP","WP","BS","BP","WS","BS","WP",1,0,1,1,1,0,1,1,1,1,1,0,1,1,0,1,1,0,0,1,1,0,1,0,0,1,1,0,1,0,0,1,1,0,0,1,1,NA,NA,1,1,NA,1,NA,NA,1,1,NA,1,NA,NA,1,"WP",0,0,"BS",1,0,"WS",0,0,"BP",1,1,"BS",0,1,"WP",1,1,"BP",1,1,"WS",0,0,0,12,"Old",6,4,0,4,0,TRUE,FALSE,TRUE,FALSE
"49","7-10",7.695890411,"F",3,"L","BP",1,1,1,"WS","BP","WP","BS","WP","BS","WS","BP","WP","BP","WS","BS","WS","BS","BP","WP",1,0,1,1,1,1,1,0,1,0,1,1,1,1,0,1,1,1,1,1,1,1,1,1,1,1,1,1,1,1,1,1,1,0,0,1,1,0,1,1,1,1,1,0,1,0,1,1,1,1,0,1,"BS",1,1,"WP",1,1,"BP",0,1,"WS",1,1,"BS",1,1,"WS",1,1,"BP",0,1,"WP",0,0,1,8,"Old",7,4,4,4,4,TRUE,TRUE,TRUE,TRUE
"50","7-11",7.701369863,"F",8,"R","WP",1,1,1,"BS","WP","WS","BP","WP","BS","BP","WS","BP","WS","BS","WP","WS","WP","BP","BS",1,0,1,1,0,1,1,1,1,1,1,0,1,0,1,1,1,0,1,0,0,1,0,1,0,1,1,0,1,0,0,1,1,1,1,0,1,NA,1,NA,NA,1,NA,1,NA,1,1,NA,1,NA,NA,1,"BS",1,1,"BP",0,0,"WS",1,1,"WP",0,1,"BP",0,0,"WS",1,1,"BS",1,1,"WP",0,1,1,12,"Old",7,0,4,0,4,FALSE,TRUE,FALSE,TRUE
"51","7-12",7.309589041,"F",7,"R","BP",1,1,1,"WS","BP","BS","WP","BP","WP","WS","BS","WP","BS","WS","BP","WS","BP","BS","WP",1,0,1,1,0,1,1,1,1,1,1,0,1,0,1,1,0,1,1,0,0,0,1,1,0,1,1,0,1,0,1,0,0,1,1,0,NA,0,1,NA,NA,NA,1,1,NA,1,1,NA,1,NA,1,NA,"WS",1,1,"WP",0,0,"BP",0,1,"BS",1,1,"BP",0,1,"WS",1,1,"WP",0,0,"BS",1,1,1,9,"Old",7,1,4,0,3,TRUE,TRUE,FALSE,TRUE
"52","7-14",7.249315068,"M",6,"L","WS",1,1,1,"BP","WS","WP","BS","WP","BS","WS","BP","WS","WP","BP","BS","WP","WS","BS","BP",1,0,1,1,1,1,0,1,0,1,1,1,1,0,1,1,1,0,1,0,1,1,1,1,0,1,1,1,1,0,1,1,1,1,1,0,1,NA,1,NA,1,1,0,1,NA,1,1,1,1,NA,1,1,"BP",1,1,"WP",1,1,"WS",0,1,"BS",0,0,"WP",0,0,"BP",0,0,"WS",1,0,"BS",1,1,0,13,"Old",7,4,3,4,1,TRUE,TRUE,TRUE,TRUE
"53","7-15",7.260273973,"M",1,"R","BS",1,1,1,"WP","BS","WS","BP","BS","BP","WS","WP","BS","BP","WP","WS","BS","WP","BP","WS",1,0,1,1,0,1,1,1,0,1,1,1,0,1,1,1,1,0,1,0,0,0,1,1,0,0,1,1,0,1,0,1,1,0,1,0,1,NA,1,NA,NA,NA,1,1,NA,NA,1,1,NA,1,NA,1,"WS",1,1,"BP",0,0,"BS",0,1,"WP",1,1,"BP",0,0,"WS",1,1,"BS",0,1,"WP",1,1,1,12,"Old",7,0,0,4,4,FALSE,FALSE,TRUE,TRUE
"54","7-16",7.260273973,"F",2,"R","WS",1,1,1,"BP","WS","BS","WP","BS","BP","WP","WS","BS","BP","WS","WP","WS","WP","BP","BS",1,0,1,1,1,1,1,0,1,1,0,1,0,1,1,1,0,1,1,0,1,1,0,0,1,1,0,0,0,0,1,1,0,1,0,0,NA,0,1,NA,1,1,NA,NA,1,1,NA,NA,NA,NA,1,1,"WP",0,0,"BS",1,1,"WS",0,1,"BP",1,1,"BS",1,1,"WS",0,1,"WP",0,0,"BP",1,1,1,9,"Old",7,3,4,0,1,TRUE,TRUE,FALSE,TRUE
"55","7-18",7.230136986,"M",5,"L","BS",1,1,1,"WP","BS","BP","WS","BS","WP","BP","WS","BS","BP","WS","WP","WS","WP","BP","BS",1,0,1,1,0,1,1,1,0,1,1,1,1,1,1,0,1,1,0,1,0,1,1,0,0,1,0,1,0,1,1,0,0,0,0,1,1,0,NA,1,NA,1,1,NA,NA,1,NA,1,NA,1,1,NA,"WP",1,1,"WS",0,0,"BP",1,1,"BS",0,1,"WP",1,1,"WS",0,0,"BP",1,1,"BS",0,1,1,10,"Old",7,3,1,4,1,TRUE,TRUE,TRUE,TRUE
"56","7-2",7.131506849,"F",6,"L","WS",2,1,1,"BP","WS","WP","BS","WP","WS","BP","BS","BP","WP","WS","BS","WS","BS","BP","WP",1,0,1,1,1,0,1,1,1,1,0,1,0,1,1,1,1,0,1,0,1,0,1,0,1,1,0,0,0,0,1,1,1,0,1,0,1,NA,1,NA,1,NA,1,NA,1,1,NA,NA,NA,NA,1,1,"WS",0,1,"BP",1,1,"BS",0,0,"WP",1,1,"WS",0,1,"WP",1,1,"BP",1,1,"BS",0,0,1,12,"Old",7,4,0,4,0,TRUE,FALSE,TRUE,FALSE
"57","7-20",7.301369863,"F",1,"R","BS",1,1,1,"WP","BS","WS","BP","WS","BS","BP","WP","BS","WP","WS","BP","WS","BP","BS","WP",1,0,1,1,1,0,1,1,0,1,1,1,1,1,0,1,1,0,1,0,1,0,0,1,0,1,1,0,1,0,0,1,1,0,1,0,1,NA,1,NA,1,NA,NA,1,NA,1,1,NA,1,NA,NA,1,"WP",1,1,"BS",0,1,"WS",1,1,"BP",0,0,"WS",1,1,"WP",0,0,"BP",1,1,"BS",0,1,1,12,"Old",7,0,0,4,4,FALSE,FALSE,TRUE,TRUE
"58","7-3",7.676712329,"F",2,"R","WS",1,1,1,"BP","WS","BS","WP","BS","WP","BP","WS","WP","WS","BP","BS","BP","WP","WS","BS",1,0,1,1,1,1,1,0,1,0,1,1,1,1,0,1,1,1,1,0,1,0,1,0,0,0,1,1,1,0,0,1,1,1,1,0,1,0,1,NA,1,NA,1,NA,NA,NA,1,1,1,NA,NA,1,"BS",1,1,"WS",0,1,"BP",1,1,"WP",0,0,"WS",1,0,"WP",1,1,"BS",0,0,"BP",0,0,1,10,"Old",7,4,4,0,1,TRUE,TRUE,FALSE,TRUE
"59","7-4",7.775342466,"M",8,"R","WP",1,1,1,"BS","WP","WS","BP","WS","BS","WP","BP","BS","WP","BP","WS","WP","BP","BS","WS",1,0,1,1,1,1,0,1,1,0,1,1,0,1,1,1,1,0,1,0,1,1,0,0,1,0,0,1,0,0,1,1,0,0,1,0,1,NA,1,NA,1,1,NA,NA,1,NA,NA,1,NA,NA,1,1,"WP",0,1,"WS",1,1,"BS",1,1,"BP",0,0,"WS",1,1,"BS",1,1,"WP",0,1,"BP",0,0,1,12,"Old",7,0,4,0,4,FALSE,TRUE,FALSE,TRUE
"60","7-5",7.098630137,"F",5,"L","BS",3,1,1,"WP","BS","BP","WS","BP","BS","WS","WP","BP","WP","WS","BS","WP","WS","BP","BS",1,0,1,1,1,0,1,1,1,1,1,0,1,1,1,0,1,1,1,0,1,1,0,1,0,1,1,0,0,0,1,1,1,1,1,0,1,0,1,NA,1,0,NA,1,NA,1,1,NA,NA,NA,1,0,"WP",1,1,"WS",0,0,"BP",1,1,"BS",1,0,"WS",1,1,"BS",1,0,"WP",0,0,"BP",1,1,0,5,"Old",7,3,3,3,1,TRUE,TRUE,TRUE,TRUE
"61","7-6",7.263013699,"F",3,"L","BP",1,1,1,"WS","BP","WP","BS","WP","BS","BP","WS","WP","WS","BS","BP","WS","BS","WP","BP",1,0,1,1,1,1,0,1,1,1,1,0,1,1,1,0,1,0,1,1,0,1,0,1,1,1,1,0,1,1,1,0,1,0,1,1,1,NA,1,1,NA,1,NA,1,1,1,1,NA,1,1,1,NA,"WP",1,1,"WS",1,1,"BS",1,1,"BP",0,1,"WS",1,1,"BP",0,1,"WP",1,1,"BS",1,1,1,15,"Old",7,0,4,3,4,FALSE,TRUE,TRUE,TRUE
"62","7-7",7.454794521,"M",4,"L","WP",1,1,1,"BS","WP","BP","WS","BP","BS","WP","WS","BS","WS","WP","BP","WS","BP","WP","BS",1,0,1,1,1,1,0,1,1,1,0,1,1,1,0,1,1,0,1,1,1,1,0,1,1,1,0,1,1,1,0,1,1,0,1,0,1,NA,1,1,1,1,NA,1,1,1,NA,1,1,1,NA,1,"WS",1,1,"WP",0,1,"BP",1,1,"BS",1,1,"WS",1,1,"BP",1,1,"BS",1,1,"WP",0,1,1,16,"Old",7,4,4,0,4,TRUE,TRUE,FALSE,TRUE
"63","7-8",7.753424658,"F",7,"R","BP",1,1,1,"WS","BP","BS","WP","WS","BP","WP","BS","WP","BP","WS","BS","WS","BP","BS","WP",1,0,1,1,1,0,1,1,1,0,1,1,1,0,1,1,1,0,1,0,1,0,1,1,1,0,1,1,1,0,1,1,1,0,1,0,1,0,1,NA,1,NA,1,1,1,NA,1,1,1,NA,1,1,"BS",1,1,"BP",0,1,"WS",1,1,"WP",1,1,"WP",1,1,"BS",1,1,"WS",0,0,"BP",0,1,1,15,"Old",7,0,4,3,4,FALSE,TRUE,TRUE,TRUE
"64","7-9",7.243835616,"M",4,"L","WP",1,1,1,"BS","WP","BP","WS","BP","WS","BS","WP","WS","BP","WP","BS","WS","BP","BS","WP",1,0,1,1,1,1,1,0,1,1,0,1,1,1,1,0,1,1,1,0,1,0,1,0,0,1,0,1,0,1,1,0,0,0,1,0,1,0,1,NA,1,NA,1,NA,NA,1,NA,1,NA,1,1,NA,"BP",1,1,"WS",0,0,"BS",1,1,"WP",0,1,"BP",1,1,"WP",0,1,"WS",0,0,"BS",1,1,1,10,"Old",7,4,4,1,0,TRUE,TRUE,TRUE,FALSE
