"","PartID","Attn1","Attn2","Attn3","Age","Gender","VidsWatched","Stars","BadBlocks","NumStickers","Block","GenZaff","Val","Correct","TimeSee.BP","TimeSee.BS","TimeSee.WP","TimeSee.WS","BPSeen","BSSeen","WPSeen","WSSeen","GenBlock","GenCorrect","Valence","AgeGroup"
"1",1,1,3,1,28,1,2,9,"WP",9,"BS",1,"1","1",4,4,3,3,TRUE,TRUE,TRUE,TRUE,"BS","1","1","Adult"
"2",1,1,3,1,28,1,2,9,"WP",9,"WS",0,"1","0",4,4,3,3,TRUE,TRUE,TRUE,TRUE,"WS","0","1","Adult"
"3",1,1,3,1,28,1,2,9,"WP",9,"BP",1,"1","1",4,4,3,3,TRUE,TRUE,TRUE,TRUE,"BP","1","1","Adult"
"4",1,1,3,1,28,1,2,9,"WP",9,"WP",1,"0","0",4,4,3,3,TRUE,TRUE,TRUE,TRUE,"WP","0","0","Adult"
"5",2,1,2,3,28,1,1,12,"BP",12,"BS",0,"1","0",1,2,4,4,TRUE,TRUE,TRUE,TRUE,"BS","0","1","Adult"
"6",2,1,2,3,28,1,1,12,"BP",12,"BP",0,"0","1",1,2,4,4,TRUE,TRUE,TRUE,TRUE,"BP","1","0","Adult"
"7",2,1,2,3,28,1,1,12,"BP",12,"WS",0,"1","0",1,2,4,4,TRUE,TRUE,TRUE,TRUE,"WS","0","1","Adult"
"8",2,1,2,3,28,1,1,12,"BP",12,"WP",0,"1","0",1,2,4,4,TRUE,TRUE,TRUE,TRUE,"WP","0","1","Adult"
"9",3,1,2,3,29,1,1,12,"WS",12,"BS",1,"1","1",4,4,4,2,TRUE,TRUE,TRUE,TRUE,"BS","1","1","Adult"
"10",3,1,2,3,29,1,1,12,"WS",12,"BP",1,"1","1",4,4,4,2,TRUE,TRUE,TRUE,TRUE,"BP","1","1","Adult"
"11",3,1,2,3,29,1,1,12,"WS",12,"WS",0,"0","1",4,4,4,2,TRUE,TRUE,TRUE,TRUE,"WS","1","0","Adult"
"12",3,1,2,3,29,1,1,12,"WS",12,"WP",1,"1","1",4,4,4,2,TRUE,TRUE,TRUE,TRUE,"WP","1","1","Adult"
"13",4,1,3,3,24,1,1,9,"BS",9,"WS",1,"1","1",0,0,1,4,FALSE,FALSE,TRUE,TRUE,"WS","1","1","Adult"
"14",4,1,3,3,24,1,1,9,"BS",9,"WP",0,"1","0",0,0,1,4,FALSE,FALSE,TRUE,TRUE,"WP","0","1","Adult"
"15",4,1,3,3,24,1,1,9,"BS",9,"BS",1,"0","0",0,0,1,4,FALSE,FALSE,TRUE,TRUE,"BS","0","0","Adult"
"16",4,1,3,3,24,1,1,9,"BS",9,"BP",0,"1","0",0,0,1,4,FALSE,FALSE,TRUE,TRUE,"BP","0","1","Adult"
"17",5,1,2,3,34,1,1,14,"BS",14,"WS",1,"1","1",4,1,4,4,TRUE,TRUE,TRUE,TRUE,"WS","1","1","Adult"
"18",5,1,2,3,34,1,1,14,"BS",14,"WP",1,"1","1",4,1,4,4,TRUE,TRUE,TRUE,TRUE,"WP","1","1","Adult"
"19",5,1,2,3,34,1,1,14,"BS",14,"BS",0,"0","1",4,1,4,4,TRUE,TRUE,TRUE,TRUE,"BS","1","0","Adult"
"20",5,1,2,3,34,1,1,14,"BS",14,"BP",1,"1","1",4,1,4,4,TRUE,TRUE,TRUE,TRUE,"BP","1","1","Adult"
"21",6,1,2,3,57,1,1,10,"BP",10,"BS",0,"1","0",1,0,4,4,TRUE,FALSE,TRUE,TRUE,"BS","0","1","Adult"
"22",6,1,2,3,57,1,1,10,"BP",10,"BP",0,"0","1",1,0,4,4,TRUE,FALSE,TRUE,TRUE,"BP","1","0","Adult"
"23",6,1,2,3,57,1,1,10,"BP",10,"WS",0,"1","0",1,0,4,4,TRUE,FALSE,TRUE,TRUE,"WS","0","1","Adult"
"24",6,1,2,3,57,1,1,10,"BP",10,"WP",0,"1","0",1,0,4,4,TRUE,FALSE,TRUE,TRUE,"WP","0","1","Adult"
"25",7,1,2,1,23,1,1,8,"WS",8,"BS",0,"1","0",3,4,1,2,TRUE,TRUE,TRUE,TRUE,"BS","0","1","Adult"
"26",7,1,2,1,23,1,1,8,"WS",8,"BP",0,"1","0",3,4,1,2,TRUE,TRUE,TRUE,TRUE,"BP","0","1","Adult"
"27",7,1,2,1,23,1,1,8,"WS",8,"WS",0,"0","1",3,4,1,2,TRUE,TRUE,TRUE,TRUE,"WS","1","0","Adult"
"28",7,1,2,1,23,1,1,8,"WS",8,"WP",1,"1","1",3,4,1,2,TRUE,TRUE,TRUE,TRUE,"WP","1","1","Adult"
"29",8,1,2,3,38,1,1,10,"WS",10,"BS",0,"1","0",4,0,4,1,TRUE,FALSE,TRUE,TRUE,"BS","0","1","Adult"
"30",8,1,2,3,38,1,1,10,"WS",10,"WS",0,"0","1",4,0,4,1,TRUE,FALSE,TRUE,TRUE,"WS","1","0","Adult"
"31",8,1,2,3,38,1,1,10,"WS",10,"BP",1,"1","1",4,0,4,1,TRUE,FALSE,TRUE,TRUE,"BP","1","1","Adult"
"32",8,1,2,3,38,1,1,10,"WS",10,"WP",1,"1","1",4,0,4,1,TRUE,FALSE,TRUE,TRUE,"WP","1","1","Adult"
"33",9,1,2,3,23,2,2,12,"BP",12,"WP",0,"1","0",0,4,0,4,FALSE,TRUE,FALSE,TRUE,"WP","0","1","Adult"
"34",9,1,2,3,23,2,2,12,"BP",12,"WS",1,"1","1",0,4,0,4,FALSE,TRUE,FALSE,TRUE,"WS","1","1","Adult"
"35",9,1,2,3,23,2,2,12,"BP",12,"BS",1,"1","1",0,4,0,4,FALSE,TRUE,FALSE,TRUE,"BS","1","1","Adult"
"36",9,1,2,3,23,2,2,12,"BP",12,"BP",0,"0","1",0,4,0,4,FALSE,TRUE,FALSE,TRUE,"BP","1","0","Adult"
"37",10,1,2,3,37,2,1,9,"BS",9,"WP",1,"1","1",4,1,3,0,TRUE,TRUE,TRUE,FALSE,"WP","1","1","Adult"
"38",10,1,2,3,37,2,1,9,"BS",9,"BS",0,"0","1",4,1,3,0,TRUE,TRUE,TRUE,FALSE,"BS","1","0","Adult"
"39",10,1,2,3,37,2,1,9,"BS",9,"BP",1,"1","1",4,1,3,0,TRUE,TRUE,TRUE,FALSE,"BP","1","1","Adult"
"40",10,1,2,3,37,2,1,9,"BS",9,"WS",0,"1","0",4,1,3,0,TRUE,TRUE,TRUE,FALSE,"WS","0","1","Adult"
"41",11,1,2,3,36,1,1,10,"WP",10,"BS",1,"1","1",0,4,1,4,FALSE,TRUE,TRUE,TRUE,"BS","1","1","Adult"
"42",11,1,2,3,36,1,1,10,"WP",10,"WP",0,"0","1",0,4,1,4,FALSE,TRUE,TRUE,TRUE,"WP","1","0","Adult"
"43",11,1,2,3,36,1,1,10,"WP",10,"BP",0,"1","0",0,4,1,4,FALSE,TRUE,TRUE,TRUE,"BP","0","1","Adult"
"44",11,1,2,3,36,1,1,10,"WP",10,"WS",1,"1","1",0,4,1,4,FALSE,TRUE,TRUE,TRUE,"WS","1","1","Adult"
"45",12,1,2,3,37,2,1,10,"WP",10,"BP",0,"1","0",0,4,1,4,FALSE,TRUE,TRUE,TRUE,"BP","0","1","Adult"
"46",12,1,2,3,37,2,1,10,"WP",10,"WS",1,"1","1",0,4,1,4,FALSE,TRUE,TRUE,TRUE,"WS","1","1","Adult"
"47",12,1,2,3,37,2,1,10,"WP",10,"BS",1,"1","1",0,4,1,4,FALSE,TRUE,TRUE,TRUE,"BS","1","1","Adult"
"48",12,1,2,3,37,2,1,10,"WP",10,"WP",0,"0","1",0,4,1,4,FALSE,TRUE,TRUE,TRUE,"WP","1","0","Adult"
"49",13,1,2,3,61,2,1,12,"WP",12,"WS",1,"1","1",0,4,0,4,FALSE,TRUE,FALSE,TRUE,"WS","1","1","Adult"
"50",13,1,2,3,61,2,1,12,"WP",12,"WP",0,"0","1",0,4,0,4,FALSE,TRUE,FALSE,TRUE,"WP","1","0","Adult"
"51",13,1,2,3,61,2,1,12,"WP",12,"BP",0,"1","0",0,4,0,4,FALSE,TRUE,FALSE,TRUE,"BP","0","1","Adult"
"52",13,1,2,3,61,2,1,12,"WP",12,"BS",1,"1","1",0,4,0,4,FALSE,TRUE,FALSE,TRUE,"BS","1","1","Adult"
"53",14,1,2,3,42,1,1,12,"BS",12,"WP",1,"1","1",4,0,4,0,TRUE,FALSE,TRUE,FALSE,"WP","1","1","Adult"
"54",14,1,2,3,42,1,1,12,"BS",12,"BS",0,"0","1",4,0,4,0,TRUE,FALSE,TRUE,FALSE,"BS","1","0","Adult"
"55",14,1,2,3,42,1,1,12,"BS",12,"WS",0,"1","0",4,0,4,0,TRUE,FALSE,TRUE,FALSE,"WS","0","1","Adult"
"56",14,1,2,3,42,1,1,12,"BS",12,"BP",1,"1","1",4,0,4,0,TRUE,FALSE,TRUE,FALSE,"BP","1","1","Adult"
"57",15,1,2,3,30,2,1,4,"BP",4,"BS",1,"1","1",2,1,1,2,TRUE,TRUE,TRUE,TRUE,"BS","1","1","Adult"
"58",15,1,2,3,30,2,1,4,"BP",4,"BP",0,"0","1",2,1,1,2,TRUE,TRUE,TRUE,TRUE,"BP","1","0","Adult"
"59",15,1,2,3,30,2,1,4,"BP",4,"WP",0,"1","0",2,1,1,2,TRUE,TRUE,TRUE,TRUE,"WP","0","1","Adult"
"60",15,1,2,3,30,2,1,4,"BP",4,"WS",0,"1","0",2,1,1,2,TRUE,TRUE,TRUE,TRUE,"WS","0","1","Adult"
"61",16,1,2,3,31,1,1,12,"WS",12,"BS",1,"1","1",4,4,0,0,TRUE,TRUE,FALSE,FALSE,"BS","1","1","Adult"
"62",16,1,2,3,31,1,1,12,"WS",12,"BP",1,"1","1",4,4,0,0,TRUE,TRUE,FALSE,FALSE,"BP","1","1","Adult"
"63",16,1,2,3,31,1,1,12,"WS",12,"WS",0,"0","1",4,4,0,0,TRUE,TRUE,FALSE,FALSE,"WS","1","0","Adult"
"64",16,1,2,3,31,1,1,12,"WS",12,"WP",0,"1","0",4,4,0,0,TRUE,TRUE,FALSE,FALSE,"WP","0","1","Adult"
"65",17,1,2,3,32,2,1,12,"BP",12,"WS",1,"1","1",0,4,0,4,FALSE,TRUE,FALSE,TRUE,"WS","1","1","Adult"
"66",17,1,2,3,32,2,1,12,"BP",12,"WP",0,"1","0",0,4,0,4,FALSE,TRUE,FALSE,TRUE,"WP","0","1","Adult"
"67",17,1,2,3,32,2,1,12,"BP",12,"BS",1,"1","1",0,4,0,4,FALSE,TRUE,FALSE,TRUE,"BS","1","1","Adult"
"68",17,1,2,3,32,2,1,12,"BP",12,"BP",0,"0","1",0,4,0,4,FALSE,TRUE,FALSE,TRUE,"BP","1","0","Adult"
"69",18,1,2,3,24,1,1,10,"BS",10,"WS",1,"1","1",3,2,4,3,TRUE,TRUE,TRUE,TRUE,"WS","1","1","Adult"
"70",18,1,2,3,24,1,1,10,"BS",10,"WP",1,"1","1",3,2,4,3,TRUE,TRUE,TRUE,TRUE,"WP","1","1","Adult"
"71",18,1,2,3,24,1,1,10,"BS",10,"BS",0,"0","1",3,2,4,3,TRUE,TRUE,TRUE,TRUE,"BS","1","0","Adult"
"72",18,1,2,3,24,1,1,10,"BS",10,"BP",0,"1","0",3,2,4,3,TRUE,TRUE,TRUE,TRUE,"BP","0","1","Adult"
"73",19,1,2,3,30,1,1,12,"WP",12,"WP",0,"0","1",0,4,0,4,FALSE,TRUE,FALSE,TRUE,"WP","1","0","Adult"
"74",19,1,2,3,30,1,1,12,"WP",12,"BS",1,"1","1",0,4,0,4,FALSE,TRUE,FALSE,TRUE,"BS","1","1","Adult"
"75",19,1,2,3,30,1,1,12,"WP",12,"BP",0,"1","0",0,4,0,4,FALSE,TRUE,FALSE,TRUE,"BP","0","1","Adult"
"76",19,1,2,3,30,1,1,12,"WP",12,"WS",1,"1","1",0,4,0,4,FALSE,TRUE,FALSE,TRUE,"WS","1","1","Adult"
"77",20,1,2,3,31,2,1,12,"WP",12,"WP",0,"0","1",4,4,0,0,TRUE,TRUE,FALSE,FALSE,"WP","1","0","Adult"
"78",20,1,2,3,31,2,1,12,"WP",12,"BS",1,"1","1",4,4,0,0,TRUE,TRUE,FALSE,FALSE,"BS","1","1","Adult"
"79",20,1,2,3,31,2,1,12,"WP",12,"BP",1,"1","1",4,4,0,0,TRUE,TRUE,FALSE,FALSE,"BP","1","1","Adult"
"80",20,1,2,3,31,2,1,12,"WP",12,"WS",0,"1","0",4,4,0,0,TRUE,TRUE,FALSE,FALSE,"WS","0","1","Adult"
"81",21,1,2,3,32,1,1,12,"BP",12,"WS",1,"1","1",0,4,0,4,FALSE,TRUE,FALSE,TRUE,"WS","1","1","Adult"
"82",21,1,2,3,32,1,1,12,"BP",12,"BP",0,"0","1",0,4,0,4,FALSE,TRUE,FALSE,TRUE,"BP","1","0","Adult"
"83",21,1,2,3,32,1,1,12,"BP",12,"WP",0,"1","0",0,4,0,4,FALSE,TRUE,FALSE,TRUE,"WP","0","1","Adult"
"84",21,1,2,3,32,1,1,12,"BP",12,"BS",1,"1","1",0,4,0,4,FALSE,TRUE,FALSE,TRUE,"BS","1","1","Adult"
"85",22,1,2,3,28,2,1,12,"BS",12,"WS",0,"1","0",4,0,4,0,TRUE,FALSE,TRUE,FALSE,"WS","0","1","Adult"
"86",22,1,2,3,28,2,1,12,"BS",12,"WP",1,"1","1",4,0,4,0,TRUE,FALSE,TRUE,FALSE,"WP","1","1","Adult"
"87",22,1,2,3,28,2,1,12,"BS",12,"BS",0,"0","1",4,0,4,0,TRUE,FALSE,TRUE,FALSE,"BS","1","0","Adult"
"88",22,1,2,3,28,2,1,12,"BS",12,"BP",1,"1","1",4,0,4,0,TRUE,FALSE,TRUE,FALSE,"BP","1","1","Adult"
"89",23,1,2,3,28,2,1,12,"WP",12,"WP",0,"0","1",4,4,0,0,TRUE,TRUE,FALSE,FALSE,"WP","1","0","Adult"
"90",23,1,2,3,28,2,1,12,"WP",12,"BS",0,"1","0",4,4,0,0,TRUE,TRUE,FALSE,FALSE,"BS","0","1","Adult"
"91",23,1,2,3,28,2,1,12,"WP",12,"WS",0,"1","0",4,4,0,0,TRUE,TRUE,FALSE,FALSE,"WS","0","1","Adult"
"92",23,1,2,3,28,2,1,12,"WP",12,"BP",0,"1","0",4,4,0,0,TRUE,TRUE,FALSE,FALSE,"BP","0","1","Adult"
"93",24,1,2,3,28,1,1,14,"WS",14,"WP",1,"1","1",4,4,4,1,TRUE,TRUE,TRUE,TRUE,"WP","1","1","Adult"
"94",24,1,2,3,28,1,1,14,"WS",14,"BS",1,"1","1",4,4,4,1,TRUE,TRUE,TRUE,TRUE,"BS","1","1","Adult"
"95",24,1,2,3,28,1,1,14,"WS",14,"BP",1,"1","1",4,4,4,1,TRUE,TRUE,TRUE,TRUE,"BP","1","1","Adult"
"96",24,1,2,3,28,1,1,14,"WS",14,"WS",0,"0","1",4,4,4,1,TRUE,TRUE,TRUE,TRUE,"WS","1","0","Adult"
"97",25,1,2,3,23,2,1,12,"WP",12,"BP",0,"1","0",0,4,0,4,FALSE,TRUE,FALSE,TRUE,"BP","0","1","Adult"
"98",25,1,2,3,23,2,1,12,"WP",12,"WS",1,"1","1",0,4,0,4,FALSE,TRUE,FALSE,TRUE,"WS","1","1","Adult"
"99",25,1,2,3,23,2,1,12,"WP",12,"WP",0,"0","1",0,4,0,4,FALSE,TRUE,FALSE,TRUE,"WP","1","0","Adult"
"100",25,1,2,3,23,2,1,12,"WP",12,"BS",1,"1","1",0,4,0,4,FALSE,TRUE,FALSE,TRUE,"BS","1","1","Adult"
"101",26,2,1,3,49,2,1,9,"BS",9,"WS",0,"1","0",4,3,4,3,TRUE,TRUE,TRUE,TRUE,"WS","0","1","Adult"
"102",26,2,1,3,49,2,1,9,"BS",9,"BP",1,"1","1",4,3,4,3,TRUE,TRUE,TRUE,TRUE,"BP","1","1","Adult"
"103",26,2,1,3,49,2,1,9,"BS",9,"WP",1,"1","1",4,3,4,3,TRUE,TRUE,TRUE,TRUE,"WP","1","1","Adult"
"104",26,2,1,3,49,2,1,9,"BS",9,"BS",0,"0","1",4,3,4,3,TRUE,TRUE,TRUE,TRUE,"BS","1","0","Adult"
"105",27,1,2,3,27,1,1,12,"BP",12,"WS",1,"1","1",0,0,4,4,FALSE,FALSE,TRUE,TRUE,"WS","1","1","Adult"
"106",27,1,2,3,27,1,1,12,"BP",12,"WP",1,"1","1",0,0,4,4,FALSE,FALSE,TRUE,TRUE,"WP","1","1","Adult"
"107",27,1,2,3,27,1,1,12,"BP",12,"BS",0,"1","0",0,0,4,4,FALSE,FALSE,TRUE,TRUE,"BS","0","1","Adult"
"108",27,1,2,3,27,1,1,12,"BP",12,"BP",0,"0","1",0,0,4,4,FALSE,FALSE,TRUE,TRUE,"BP","1","0","Adult"
"109",28,1,2,3,27,2,1,14,"WS",14,"WP",1,"1","1",4,4,4,1,TRUE,TRUE,TRUE,TRUE,"WP","1","1","Adult"
"110",28,1,2,3,27,2,1,14,"WS",14,"BS",1,"1","1",4,4,4,1,TRUE,TRUE,TRUE,TRUE,"BS","1","1","Adult"
"111",28,1,2,3,27,2,1,14,"WS",14,"WS",0,"0","1",4,4,4,1,TRUE,TRUE,TRUE,TRUE,"WS","1","0","Adult"
"112",28,1,2,3,27,2,1,14,"WS",14,"BP",1,"1","1",4,4,4,1,TRUE,TRUE,TRUE,TRUE,"BP","1","1","Adult"
"113",29,1,2,3,38,1,1,12,"BS",12,"BP",0,"1","0",0,0,4,4,FALSE,FALSE,TRUE,TRUE,"BP","0","1","Adult"
"114",29,1,2,3,38,1,1,12,"BS",12,"WS",1,"1","1",0,0,4,4,FALSE,FALSE,TRUE,TRUE,"WS","1","1","Adult"
"115",29,1,2,3,38,1,1,12,"BS",12,"WP",1,"1","1",0,0,4,4,FALSE,FALSE,TRUE,TRUE,"WP","1","1","Adult"
"116",29,1,2,3,38,1,1,12,"BS",12,"BS",0,"0","1",0,0,4,4,FALSE,FALSE,TRUE,TRUE,"BS","1","0","Adult"
"117",30,1,2,3,33,2,1,12,"WS",12,"BP",1,"1","1",4,0,4,0,TRUE,FALSE,TRUE,FALSE,"BP","1","1","Adult"
"118",30,1,2,3,33,2,1,12,"WS",12,"WS",0,"0","1",4,0,4,0,TRUE,FALSE,TRUE,FALSE,"WS","1","0","Adult"
"119",30,1,2,3,33,2,1,12,"WS",12,"WP",1,"1","1",4,0,4,0,TRUE,FALSE,TRUE,FALSE,"WP","1","1","Adult"
"120",30,1,2,3,33,2,1,12,"WS",12,"BS",0,"1","0",4,0,4,0,TRUE,FALSE,TRUE,FALSE,"BS","0","1","Adult"
"121",31,1,2,3,36,1,1,12,"WP",12,"WS",1,"1","1",0,4,0,4,FALSE,TRUE,FALSE,TRUE,"WS","1","1","Adult"
"122",31,1,2,3,36,1,1,12,"WP",12,"WP",0,"0","1",0,4,0,4,FALSE,TRUE,FALSE,TRUE,"WP","1","0","Adult"
"123",31,1,2,3,36,1,1,12,"WP",12,"BS",1,"1","1",0,4,0,4,FALSE,TRUE,FALSE,TRUE,"BS","1","1","Adult"
"124",31,1,2,3,36,1,1,12,"WP",12,"BP",0,"1","0",0,4,0,4,FALSE,TRUE,FALSE,TRUE,"BP","0","1","Adult"
"125",32,1,2,3,36,2,1,12,"WS",12,"WS",0,"0","1",4,0,4,0,TRUE,FALSE,TRUE,FALSE,"WS","1","0","Adult"
"126",32,1,2,3,36,2,1,12,"WS",12,"WP",1,"1","1",4,0,4,0,TRUE,FALSE,TRUE,FALSE,"WP","1","1","Adult"
"127",32,1,2,3,36,2,1,12,"WS",12,"BS",0,"1","0",4,0,4,0,TRUE,FALSE,TRUE,FALSE,"BS","0","1","Adult"
"128",32,1,2,3,36,2,1,12,"WS",12,"BP",1,"1","1",4,0,4,0,TRUE,FALSE,TRUE,FALSE,"BP","1","1","Adult"
"129",33,1,2,3,59,1,1,12,"BP",12,"BS",0,"1","0",0,0,4,4,FALSE,FALSE,TRUE,TRUE,"BS","0","1","Adult"
"130",33,1,2,3,59,1,1,12,"BP",12,"BP",0,"0","1",0,0,4,4,FALSE,FALSE,TRUE,TRUE,"BP","1","0","Adult"
"131",33,1,2,3,59,1,1,12,"BP",12,"WS",1,"1","1",0,0,4,4,FALSE,FALSE,TRUE,TRUE,"WS","1","1","Adult"
"132",33,1,2,3,59,1,1,12,"BP",12,"WP",1,"1","1",0,0,4,4,FALSE,FALSE,TRUE,TRUE,"WP","1","1","Adult"
"133",34,1,2,3,28,1,1,10,"BS",10,"BP",1,"1","1",4,1,4,0,TRUE,TRUE,TRUE,FALSE,"BP","1","1","Adult"
"134",34,1,2,3,28,1,1,10,"BS",10,"BS",0,"0","1",4,1,4,0,TRUE,TRUE,TRUE,FALSE,"BS","1","0","Adult"
"135",34,1,2,3,28,1,1,10,"BS",10,"WS",0,"1","0",4,1,4,0,TRUE,TRUE,TRUE,FALSE,"WS","0","1","Adult"
"136",34,1,2,3,28,1,1,10,"BS",10,"WP",1,"1","1",4,1,4,0,TRUE,TRUE,TRUE,FALSE,"WP","1","1","Adult"
"137",35,1,2,3,72,1,1,10,"WP",10,"WS",1,"1","1",0,4,1,4,FALSE,TRUE,TRUE,TRUE,"WS","1","1","Adult"
"138",35,1,2,3,72,1,1,10,"WP",10,"BP",0,"1","0",0,4,1,4,FALSE,TRUE,TRUE,TRUE,"BP","0","1","Adult"
"139",35,1,2,3,72,1,1,10,"WP",10,"WP",0,"0","1",0,4,1,4,FALSE,TRUE,TRUE,TRUE,"WP","1","0","Adult"
"140",35,1,2,3,72,1,1,10,"WP",10,"BS",1,"1","1",0,4,1,4,FALSE,TRUE,TRUE,TRUE,"BS","1","1","Adult"
"141",36,1,2,3,31,1,2,12,"WP",12,"WP",0,"0","1",0,4,0,4,FALSE,TRUE,FALSE,TRUE,"WP","1","0","Adult"
"142",36,1,2,3,31,1,2,12,"WP",12,"WS",1,"1","1",0,4,0,4,FALSE,TRUE,FALSE,TRUE,"WS","1","1","Adult"
"143",36,1,2,3,31,1,2,12,"WP",12,"BS",1,"1","1",0,4,0,4,FALSE,TRUE,FALSE,TRUE,"BS","1","1","Adult"
"144",36,1,2,3,31,1,2,12,"WP",12,"BP",0,"1","0",0,4,0,4,FALSE,TRUE,FALSE,TRUE,"BP","0","1","Adult"
"145",37,1,2,3,34,1,1,12,"BP",12,"BS",1,"1","1",0,4,0,4,FALSE,TRUE,FALSE,TRUE,"BS","1","1","Adult"
"146",37,1,2,3,34,1,1,12,"BP",12,"WP",0,"1","0",0,4,0,4,FALSE,TRUE,FALSE,TRUE,"WP","0","1","Adult"
"147",37,1,2,3,34,1,1,12,"BP",12,"BP",0,"0","1",0,4,0,4,FALSE,TRUE,FALSE,TRUE,"BP","1","0","Adult"
"148",37,1,2,3,34,1,1,12,"BP",12,"WS",1,"1","1",0,4,0,4,FALSE,TRUE,FALSE,TRUE,"WS","1","1","Adult"
"149",38,1,2,3,29,1,1,12,"BS",12,"BP",1,"1","1",4,0,4,0,TRUE,FALSE,TRUE,FALSE,"BP","1","1","Adult"
"150",38,1,2,3,29,1,1,12,"BS",12,"WS",0,"1","0",4,0,4,0,TRUE,FALSE,TRUE,FALSE,"WS","0","1","Adult"
"151",38,1,2,3,29,1,1,12,"BS",12,"BS",0,"0","1",4,0,4,0,TRUE,FALSE,TRUE,FALSE,"BS","1","0","Adult"
"152",38,1,2,3,29,1,1,12,"BS",12,"WP",1,"1","1",4,0,4,0,TRUE,FALSE,TRUE,FALSE,"WP","1","1","Adult"
"153",39,1,2,3,33,2,1,11,"BP",11,"BP",0,"0","1",0,4,0,3,FALSE,TRUE,FALSE,TRUE,"BP","1","0","Adult"
"154",39,1,2,3,33,2,1,11,"BP",11,"WS",1,"1","1",0,4,0,3,FALSE,TRUE,FALSE,TRUE,"WS","1","1","Adult"
"155",39,1,2,3,33,2,1,11,"BP",11,"WP",0,"1","0",0,4,0,3,FALSE,TRUE,FALSE,TRUE,"WP","0","1","Adult"
"156",39,1,2,3,33,2,1,11,"BP",11,"BS",1,"1","1",0,4,0,3,FALSE,TRUE,FALSE,TRUE,"BS","1","1","Adult"
"157",40,1,2,3,25,1,1,7,"WS",7,"WS",1,"0","0",4,3,0,2,TRUE,TRUE,FALSE,TRUE,"WS","0","0","Adult"
"158",40,1,2,3,25,1,1,7,"WS",7,"WP",0,"1","0",4,3,0,2,TRUE,TRUE,FALSE,TRUE,"WP","0","1","Adult"
"159",40,1,2,3,25,1,1,7,"WS",7,"BP",1,"1","1",4,3,0,2,TRUE,TRUE,FALSE,TRUE,"BP","1","1","Adult"
"160",40,1,2,3,25,1,1,7,"WS",7,"BS",1,"1","1",4,3,0,2,TRUE,TRUE,FALSE,TRUE,"BS","1","1","Adult"
"161",41,1,2,3,30,1,1,12,"WP",12,"BS",1,"1","1",4,4,0,0,TRUE,TRUE,FALSE,FALSE,"BS","1","1","Adult"
"162",41,1,2,3,30,1,1,12,"WP",12,"WS",0,"1","0",4,4,0,0,TRUE,TRUE,FALSE,FALSE,"WS","0","1","Adult"
"163",41,1,2,3,30,1,1,12,"WP",12,"BP",1,"1","1",4,4,0,0,TRUE,TRUE,FALSE,FALSE,"BP","1","1","Adult"
"164",41,1,2,3,30,1,1,12,"WP",12,"WP",0,"0","1",4,4,0,0,TRUE,TRUE,FALSE,FALSE,"WP","1","0","Adult"
"165",42,1,2,3,38,2,1,10,"BP",10,"BS",0,"1","0",1,0,4,4,TRUE,FALSE,TRUE,TRUE,"BS","0","1","Adult"
"166",42,1,2,3,38,2,1,10,"BP",10,"BP",0,"0","1",1,0,4,4,TRUE,FALSE,TRUE,TRUE,"BP","1","0","Adult"
"167",42,1,2,3,38,2,1,10,"BP",10,"WS",0,"1","0",1,0,4,4,TRUE,FALSE,TRUE,TRUE,"WS","0","1","Adult"
"168",42,1,2,3,38,2,1,10,"BP",10,"WP",0,"1","0",1,0,4,4,TRUE,FALSE,TRUE,TRUE,"WP","0","1","Adult"
"169",43,1,2,3,25,2,1,14,"BS",14,"BS",0,"0","1",4,1,4,4,TRUE,TRUE,TRUE,TRUE,"BS","1","0","Adult"
"170",43,1,2,3,25,2,1,14,"BS",14,"BP",1,"1","1",4,1,4,4,TRUE,TRUE,TRUE,TRUE,"BP","1","1","Adult"
"171",43,1,2,3,25,2,1,14,"BS",14,"WS",1,"1","1",4,1,4,4,TRUE,TRUE,TRUE,TRUE,"WS","1","1","Adult"
"172",43,1,2,3,25,2,1,14,"BS",14,"WP",1,"1","1",4,1,4,4,TRUE,TRUE,TRUE,TRUE,"WP","1","1","Adult"
"173",44,1,2,3,34,1,1,10,"WS",10,"WS",0,"0","1",2,4,0,0,TRUE,TRUE,FALSE,FALSE,"WS","1","0","Adult"
"174",44,1,2,3,34,1,1,10,"WS",10,"WP",0,"1","0",2,4,0,0,TRUE,TRUE,FALSE,FALSE,"WP","0","1","Adult"
"175",44,1,2,3,34,1,1,10,"WS",10,"BS",1,"1","1",2,4,0,0,TRUE,TRUE,FALSE,FALSE,"BS","1","1","Adult"
"176",44,1,2,3,34,1,1,10,"WS",10,"BP",0,"1","0",2,4,0,0,TRUE,TRUE,FALSE,FALSE,"BP","0","1","Adult"
"177",45,1,2,3,25,2,1,10,"WP",10,"WS",1,"1","1",0,4,1,4,FALSE,TRUE,TRUE,TRUE,"WS","1","1","Adult"
"178",45,1,2,3,25,2,1,10,"WP",10,"WP",0,"0","1",0,4,1,4,FALSE,TRUE,TRUE,TRUE,"WP","1","0","Adult"
"179",45,1,2,3,25,2,1,10,"WP",10,"BS",1,"1","1",0,4,1,4,FALSE,TRUE,TRUE,TRUE,"BS","1","1","Adult"
"180",45,1,2,3,25,2,1,10,"WP",10,"BP",0,"1","0",0,4,1,4,FALSE,TRUE,TRUE,TRUE,"BP","0","1","Adult"
"181",46,1,2,3,33,1,1,12,"BS",12,"BS",0,"0","1",4,0,4,0,TRUE,FALSE,TRUE,FALSE,"BS","1","0","Adult"
"182",46,1,2,3,33,1,1,12,"BS",12,"BP",1,"1","1",4,0,4,0,TRUE,FALSE,TRUE,FALSE,"BP","1","1","Adult"
"183",46,1,2,3,33,1,1,12,"BS",12,"WS",0,"1","0",4,0,4,0,TRUE,FALSE,TRUE,FALSE,"WS","0","1","Adult"
"184",46,1,2,3,33,1,1,12,"BS",12,"WP",1,"1","1",4,0,4,0,TRUE,FALSE,TRUE,FALSE,"WP","1","1","Adult"
"185",47,1,2,3,32,1,1,12,"BP",12,"BS",1,"1","1",0,4,0,4,FALSE,TRUE,FALSE,TRUE,"BS","1","1","Adult"
"186",47,1,2,3,32,1,1,12,"BP",12,"BP",0,"0","1",0,4,0,4,FALSE,TRUE,FALSE,TRUE,"BP","1","0","Adult"
"187",47,1,2,3,32,1,1,12,"BP",12,"WS",1,"1","1",0,4,0,4,FALSE,TRUE,FALSE,TRUE,"WS","1","1","Adult"
"188",47,1,2,3,32,1,1,12,"BP",12,"WP",0,"1","0",0,4,0,4,FALSE,TRUE,FALSE,TRUE,"WP","0","1","Adult"
"189",48,1,2,3,34,1,1,13,"BS",13,"BS",0,"0","1",1,0,4,4,TRUE,FALSE,TRUE,TRUE,"BS","1","0","Adult"
"190",48,1,2,3,34,1,1,13,"BS",13,"WS",1,"1","1",1,0,4,4,TRUE,FALSE,TRUE,TRUE,"WS","1","1","Adult"
"191",48,1,2,3,34,1,1,13,"BS",13,"BP",0,"1","0",1,0,4,4,TRUE,FALSE,TRUE,TRUE,"BP","0","1","Adult"
"192",48,1,2,3,34,1,1,13,"BS",13,"WP",1,"1","1",1,0,4,4,TRUE,FALSE,TRUE,TRUE,"WP","1","1","Adult"
