"","PartID","Attn1","Attn2","Attn3","Age","Gender","VidsWatched","Stars","BadBlocks","NumStickers","Trial","AA","Block","Pred","Val","Win","TrialSet","TimeSee.BP","TimeSee.BS","TimeSee.WP","TimeSee.WS","BPSeen","BSSeen","WPSeen","WSSeen","Valence","AgeGroup"
"1",1,1,3,1,28,1,2,9,"WP",9,1,1,"BS",1,1,1,"1",4,4,3,3,TRUE,TRUE,TRUE,TRUE,1,"Adult"
"2",1,1,3,1,28,1,2,9,"WP",9,8,0,"WP",NA,0,NA,"2",4,4,3,3,TRUE,TRUE,TRUE,TRUE,0,"Adult"
"3",1,1,3,1,28,1,2,9,"WP",9,7,1,"BS",NA,1,1,"2",4,4,3,3,TRUE,TRUE,TRUE,TRUE,1,"Adult"
"4",1,1,3,1,28,1,2,9,"WP",9,3,0,"WS",0,1,NA,"1",4,4,3,3,TRUE,TRUE,TRUE,TRUE,1,"Adult"
"5",1,1,3,1,28,1,2,9,"WP",9,12,1,"BS",NA,1,1,"3",4,4,3,3,TRUE,TRUE,TRUE,TRUE,1,"Adult"
"6",1,1,3,1,28,1,2,9,"WP",9,5,1,"WS",NA,1,1,"2",4,4,3,3,TRUE,TRUE,TRUE,TRUE,1,"Adult"
"7",1,1,3,1,28,1,2,9,"WP",9,4,1,"BP",1,1,1,"1",4,4,3,3,TRUE,TRUE,TRUE,TRUE,1,"Adult"
"8",1,1,3,1,28,1,2,9,"WP",9,11,1,"WP",NA,0,0,"3",4,4,3,3,TRUE,TRUE,TRUE,TRUE,0,"Adult"
"9",1,1,3,1,28,1,2,9,"WP",9,2,1,"WP",1,0,0,"1",4,4,3,3,TRUE,TRUE,TRUE,TRUE,0,"Adult"
"10",1,1,3,1,28,1,2,9,"WP",9,16,1,"BS",NA,1,1,"4",4,4,3,3,TRUE,TRUE,TRUE,TRUE,1,"Adult"
"11",1,1,3,1,28,1,2,9,"WP",9,15,1,"WS",NA,1,1,"4",4,4,3,3,TRUE,TRUE,TRUE,TRUE,1,"Adult"
"12",1,1,3,1,28,1,2,9,"WP",9,14,1,"BP",NA,1,1,"4",4,4,3,3,TRUE,TRUE,TRUE,TRUE,1,"Adult"
"13",1,1,3,1,28,1,2,9,"WP",9,13,1,"WP",NA,0,0,"4",4,4,3,3,TRUE,TRUE,TRUE,TRUE,0,"Adult"
"14",1,1,3,1,28,1,2,9,"WP",9,6,1,"BP",NA,1,1,"2",4,4,3,3,TRUE,TRUE,TRUE,TRUE,1,"Adult"
"15",1,1,3,1,28,1,2,9,"WP",9,10,1,"WS",NA,1,1,"3",4,4,3,3,TRUE,TRUE,TRUE,TRUE,1,"Adult"
"16",1,1,3,1,28,1,2,9,"WP",9,9,1,"BP",NA,1,1,"3",4,4,3,3,TRUE,TRUE,TRUE,TRUE,1,"Adult"
"17",2,1,2,3,28,1,1,12,"BP",12,8,1,"WP",NA,1,1,"2",1,2,4,4,TRUE,TRUE,TRUE,TRUE,1,"Adult"
"18",2,1,2,3,28,1,1,12,"BP",12,7,1,"WS",NA,1,1,"2",1,2,4,4,TRUE,TRUE,TRUE,TRUE,1,"Adult"
"19",2,1,2,3,28,1,1,12,"BP",12,12,0,"BS",NA,1,NA,"3",1,2,4,4,TRUE,TRUE,TRUE,TRUE,1,"Adult"
"20",2,1,2,3,28,1,1,12,"BP",12,15,1,"WS",NA,1,1,"4",1,2,4,4,TRUE,TRUE,TRUE,TRUE,1,"Adult"
"21",2,1,2,3,28,1,1,12,"BP",12,14,0,"BP",NA,0,NA,"4",1,2,4,4,TRUE,TRUE,TRUE,TRUE,0,"Adult"
"22",2,1,2,3,28,1,1,12,"BP",12,3,1,"BS",1,1,1,"1",1,2,4,4,TRUE,TRUE,TRUE,TRUE,1,"Adult"
"23",2,1,2,3,28,1,1,12,"BP",12,2,1,"BP",0,0,0,"1",1,2,4,4,TRUE,TRUE,TRUE,TRUE,0,"Adult"
"24",2,1,2,3,28,1,1,12,"BP",12,16,0,"BS",NA,1,NA,"4",1,2,4,4,TRUE,TRUE,TRUE,TRUE,1,"Adult"
"25",2,1,2,3,28,1,1,12,"BP",12,4,1,"WP",1,1,1,"1",1,2,4,4,TRUE,TRUE,TRUE,TRUE,1,"Adult"
"26",2,1,2,3,28,1,1,12,"BP",12,11,1,"WP",NA,1,1,"3",1,2,4,4,TRUE,TRUE,TRUE,TRUE,1,"Adult"
"27",2,1,2,3,28,1,1,12,"BP",12,13,1,"WP",NA,1,1,"4",1,2,4,4,TRUE,TRUE,TRUE,TRUE,1,"Adult"
"28",2,1,2,3,28,1,1,12,"BP",12,1,1,"WS",1,1,1,"1",1,2,4,4,TRUE,TRUE,TRUE,TRUE,1,"Adult"
"29",2,1,2,3,28,1,1,12,"BP",12,5,1,"BS",NA,1,1,"2",1,2,4,4,TRUE,TRUE,TRUE,TRUE,1,"Adult"
"30",2,1,2,3,28,1,1,12,"BP",12,10,1,"WS",NA,1,1,"3",1,2,4,4,TRUE,TRUE,TRUE,TRUE,1,"Adult"
"31",2,1,2,3,28,1,1,12,"BP",12,9,0,"BP",NA,0,NA,"3",1,2,4,4,TRUE,TRUE,TRUE,TRUE,0,"Adult"
"32",2,1,2,3,28,1,1,12,"BP",12,6,0,"BP",NA,0,NA,"2",1,2,4,4,TRUE,TRUE,TRUE,TRUE,0,"Adult"
"33",3,1,2,3,29,1,1,12,"WS",12,13,1,"BP",NA,1,1,"4",4,4,4,2,TRUE,TRUE,TRUE,TRUE,1,"Adult"
"34",3,1,2,3,29,1,1,12,"WS",12,5,1,"WS",NA,0,0,"2",4,4,4,2,TRUE,TRUE,TRUE,TRUE,0,"Adult"
"35",3,1,2,3,29,1,1,12,"WS",12,12,1,"WS",NA,0,0,"3",4,4,4,2,TRUE,TRUE,TRUE,TRUE,0,"Adult"
"36",3,1,2,3,29,1,1,12,"WS",12,3,1,"WP",1,1,1,"1",4,4,4,2,TRUE,TRUE,TRUE,TRUE,1,"Adult"
"37",3,1,2,3,29,1,1,12,"WS",12,1,1,"BP",1,1,1,"1",4,4,4,2,TRUE,TRUE,TRUE,TRUE,1,"Adult"
"38",3,1,2,3,29,1,1,12,"WS",12,6,1,"WP",NA,1,1,"2",4,4,4,2,TRUE,TRUE,TRUE,TRUE,1,"Adult"
"39",3,1,2,3,29,1,1,12,"WS",12,4,1,"BS",0,1,1,"1",4,4,4,2,TRUE,TRUE,TRUE,TRUE,1,"Adult"
"40",3,1,2,3,29,1,1,12,"WS",12,16,1,"BS",NA,1,1,"4",4,4,4,2,TRUE,TRUE,TRUE,TRUE,1,"Adult"
"41",3,1,2,3,29,1,1,12,"WS",12,2,0,"WS",0,0,NA,"1",4,4,4,2,TRUE,TRUE,TRUE,TRUE,0,"Adult"
"42",3,1,2,3,29,1,1,12,"WS",12,7,1,"BP",NA,1,1,"2",4,4,4,2,TRUE,TRUE,TRUE,TRUE,1,"Adult"
"43",3,1,2,3,29,1,1,12,"WS",12,10,1,"BP",NA,1,1,"3",4,4,4,2,TRUE,TRUE,TRUE,TRUE,1,"Adult"
"44",3,1,2,3,29,1,1,12,"WS",12,9,1,"BS",NA,1,1,"3",4,4,4,2,TRUE,TRUE,TRUE,TRUE,1,"Adult"
"45",3,1,2,3,29,1,1,12,"WS",12,8,1,"BS",NA,1,1,"2",4,4,4,2,TRUE,TRUE,TRUE,TRUE,1,"Adult"
"46",3,1,2,3,29,1,1,12,"WS",12,15,0,"WS",NA,0,NA,"4",4,4,4,2,TRUE,TRUE,TRUE,TRUE,0,"Adult"
"47",3,1,2,3,29,1,1,12,"WS",12,11,1,"WP",NA,1,1,"3",4,4,4,2,TRUE,TRUE,TRUE,TRUE,1,"Adult"
"48",3,1,2,3,29,1,1,12,"WS",12,14,1,"WP",NA,1,1,"4",4,4,4,2,TRUE,TRUE,TRUE,TRUE,1,"Adult"
"49",4,1,3,3,24,1,1,9,"BS",9,13,0,"WP",NA,1,NA,"4",0,0,1,4,FALSE,FALSE,TRUE,TRUE,1,"Adult"
"50",4,1,3,3,24,1,1,9,"BS",9,12,0,"BS",NA,0,NA,"3",0,0,1,4,FALSE,FALSE,TRUE,TRUE,0,"Adult"
"51",4,1,3,3,24,1,1,9,"BS",9,2,0,"BS",0,0,NA,"1",0,0,1,4,FALSE,FALSE,TRUE,TRUE,0,"Adult"
"52",4,1,3,3,24,1,1,9,"BS",9,5,0,"BP",NA,1,NA,"2",0,0,1,4,FALSE,FALSE,TRUE,TRUE,1,"Adult"
"53",4,1,3,3,24,1,1,9,"BS",9,4,0,"BP",0,1,NA,"1",0,0,1,4,FALSE,FALSE,TRUE,TRUE,1,"Adult"
"54",4,1,3,3,24,1,1,9,"BS",9,8,0,"BS",NA,0,NA,"2",0,0,1,4,FALSE,FALSE,TRUE,TRUE,0,"Adult"
"55",4,1,3,3,24,1,1,9,"BS",9,1,1,"WP",1,1,1,"1",0,0,1,4,FALSE,FALSE,TRUE,TRUE,1,"Adult"
"56",4,1,3,3,24,1,1,9,"BS",9,6,0,"WP",NA,1,NA,"2",0,0,1,4,FALSE,FALSE,TRUE,TRUE,1,"Adult"
"57",4,1,3,3,24,1,1,9,"BS",9,10,0,"BP",NA,1,NA,"3",0,0,1,4,FALSE,FALSE,TRUE,TRUE,1,"Adult"
"58",4,1,3,3,24,1,1,9,"BS",9,16,0,"BP",NA,1,NA,"4",0,0,1,4,FALSE,FALSE,TRUE,TRUE,1,"Adult"
"59",4,1,3,3,24,1,1,9,"BS",9,7,1,"WS",NA,1,1,"2",0,0,1,4,FALSE,FALSE,TRUE,TRUE,1,"Adult"
"60",4,1,3,3,24,1,1,9,"BS",9,3,1,"WS",1,1,1,"1",0,0,1,4,FALSE,FALSE,TRUE,TRUE,1,"Adult"
"61",4,1,3,3,24,1,1,9,"BS",9,11,1,"WS",NA,1,1,"3",0,0,1,4,FALSE,FALSE,TRUE,TRUE,1,"Adult"
"62",4,1,3,3,24,1,1,9,"BS",9,9,0,"WP",NA,1,NA,"3",0,0,1,4,FALSE,FALSE,TRUE,TRUE,1,"Adult"
"63",4,1,3,3,24,1,1,9,"BS",9,15,1,"WS",NA,1,1,"4",0,0,1,4,FALSE,FALSE,TRUE,TRUE,1,"Adult"
"64",4,1,3,3,24,1,1,9,"BS",9,14,0,"BS",NA,0,NA,"4",0,0,1,4,FALSE,FALSE,TRUE,TRUE,0,"Adult"
"65",5,1,2,3,34,1,1,14,"BS",14,6,1,"WS",NA,1,1,"2",4,1,4,4,TRUE,TRUE,TRUE,TRUE,1,"Adult"
"66",5,1,2,3,34,1,1,14,"BS",14,10,1,"WS",NA,1,1,"3",4,1,4,4,TRUE,TRUE,TRUE,TRUE,1,"Adult"
"67",5,1,2,3,34,1,1,14,"BS",14,9,0,"BS",NA,0,NA,"3",4,1,4,4,TRUE,TRUE,TRUE,TRUE,0,"Adult"
"68",5,1,2,3,34,1,1,14,"BS",14,4,1,"WS",1,1,1,"1",4,1,4,4,TRUE,TRUE,TRUE,TRUE,1,"Adult"
"69",5,1,2,3,34,1,1,14,"BS",14,7,1,"WP",NA,1,1,"2",4,1,4,4,TRUE,TRUE,TRUE,TRUE,1,"Adult"
"70",5,1,2,3,34,1,1,14,"BS",14,11,1,"BP",NA,1,1,"3",4,1,4,4,TRUE,TRUE,TRUE,TRUE,1,"Adult"
"71",5,1,2,3,34,1,1,14,"BS",14,1,1,"WP",1,1,1,"1",4,1,4,4,TRUE,TRUE,TRUE,TRUE,1,"Adult"
"72",5,1,2,3,34,1,1,14,"BS",14,5,1,"BP",NA,1,1,"2",4,1,4,4,TRUE,TRUE,TRUE,TRUE,1,"Adult"
"73",5,1,2,3,34,1,1,14,"BS",14,13,0,"BS",NA,0,NA,"4",4,1,4,4,TRUE,TRUE,TRUE,TRUE,0,"Adult"
"74",5,1,2,3,34,1,1,14,"BS",14,3,1,"BP",1,1,1,"1",4,1,4,4,TRUE,TRUE,TRUE,TRUE,1,"Adult"
"75",5,1,2,3,34,1,1,14,"BS",14,15,1,"WP",NA,1,1,"4",4,1,4,4,TRUE,TRUE,TRUE,TRUE,1,"Adult"
"76",5,1,2,3,34,1,1,14,"BS",14,14,1,"BP",NA,1,1,"4",4,1,4,4,TRUE,TRUE,TRUE,TRUE,1,"Adult"
"77",5,1,2,3,34,1,1,14,"BS",14,12,1,"WP",NA,1,1,"3",4,1,4,4,TRUE,TRUE,TRUE,TRUE,1,"Adult"
"78",5,1,2,3,34,1,1,14,"BS",14,2,0,"BS",0,0,NA,"1",4,1,4,4,TRUE,TRUE,TRUE,TRUE,0,"Adult"
"79",5,1,2,3,34,1,1,14,"BS",14,16,1,"WS",NA,1,1,"4",4,1,4,4,TRUE,TRUE,TRUE,TRUE,1,"Adult"
"80",5,1,2,3,34,1,1,14,"BS",14,8,1,"BS",NA,0,0,"2",4,1,4,4,TRUE,TRUE,TRUE,TRUE,0,"Adult"
"81",6,1,2,3,57,1,1,10,"BP",10,5,1,"WS",NA,1,1,"2",1,0,4,4,TRUE,FALSE,TRUE,TRUE,1,"Adult"
"82",6,1,2,3,57,1,1,10,"BP",10,1,1,"WS",1,1,1,"1",1,0,4,4,TRUE,FALSE,TRUE,TRUE,1,"Adult"
"83",6,1,2,3,57,1,1,10,"BP",10,14,1,"WP",NA,1,1,"4",1,0,4,4,TRUE,FALSE,TRUE,TRUE,1,"Adult"
"84",6,1,2,3,57,1,1,10,"BP",10,4,0,"BS",0,1,NA,"1",1,0,4,4,TRUE,FALSE,TRUE,TRUE,1,"Adult"
"85",6,1,2,3,57,1,1,10,"BP",10,11,1,"BP",NA,0,0,"3",1,0,4,4,TRUE,FALSE,TRUE,TRUE,0,"Adult"
"86",6,1,2,3,57,1,1,10,"BP",10,6,1,"WP",NA,1,1,"2",1,0,4,4,TRUE,FALSE,TRUE,TRUE,1,"Adult"
"87",6,1,2,3,57,1,1,10,"BP",10,10,0,"BS",NA,1,NA,"3",1,0,4,4,TRUE,FALSE,TRUE,TRUE,1,"Adult"
"88",6,1,2,3,57,1,1,10,"BP",10,3,1,"WP",1,1,1,"1",1,0,4,4,TRUE,FALSE,TRUE,TRUE,1,"Adult"
"89",6,1,2,3,57,1,1,10,"BP",10,15,0,"BS",NA,1,NA,"4",1,0,4,4,TRUE,FALSE,TRUE,TRUE,1,"Adult"
"90",6,1,2,3,57,1,1,10,"BP",10,7,0,"BP",NA,0,NA,"2",1,0,4,4,TRUE,FALSE,TRUE,TRUE,0,"Adult"
"91",6,1,2,3,57,1,1,10,"BP",10,9,1,"WP",NA,1,1,"3",1,0,4,4,TRUE,FALSE,TRUE,TRUE,1,"Adult"
"92",6,1,2,3,57,1,1,10,"BP",10,12,1,"WS",NA,1,1,"3",1,0,4,4,TRUE,FALSE,TRUE,TRUE,1,"Adult"
"93",6,1,2,3,57,1,1,10,"BP",10,2,0,"BP",0,0,NA,"1",1,0,4,4,TRUE,FALSE,TRUE,TRUE,0,"Adult"
"94",6,1,2,3,57,1,1,10,"BP",10,13,1,"WS",NA,1,1,"4",1,0,4,4,TRUE,FALSE,TRUE,TRUE,1,"Adult"
"95",6,1,2,3,57,1,1,10,"BP",10,16,0,"BP",NA,0,NA,"4",1,0,4,4,TRUE,FALSE,TRUE,TRUE,0,"Adult"
"96",6,1,2,3,57,1,1,10,"BP",10,8,0,"BS",NA,1,NA,"2",1,0,4,4,TRUE,FALSE,TRUE,TRUE,1,"Adult"
"97",7,1,2,1,23,1,1,8,"WS",8,5,1,"BS",NA,1,1,"2",3,4,1,2,TRUE,TRUE,TRUE,TRUE,1,"Adult"
"98",7,1,2,1,23,1,1,8,"WS",8,4,0,"WP",0,1,NA,"1",3,4,1,2,TRUE,TRUE,TRUE,TRUE,1,"Adult"
"99",7,1,2,1,23,1,1,8,"WS",8,1,1,"BP",0,1,1,"1",3,4,1,2,TRUE,TRUE,TRUE,TRUE,1,"Adult"
"100",7,1,2,1,23,1,1,8,"WS",8,6,0,"WP",NA,1,NA,"2",3,4,1,2,TRUE,TRUE,TRUE,TRUE,1,"Adult"
"101",7,1,2,1,23,1,1,8,"WS",8,10,1,"BS",NA,1,1,"3",3,4,1,2,TRUE,TRUE,TRUE,TRUE,1,"Adult"
"102",7,1,2,1,23,1,1,8,"WS",8,2,1,"WS",0,0,0,"1",3,4,1,2,TRUE,TRUE,TRUE,TRUE,0,"Adult"
"103",7,1,2,1,23,1,1,8,"WS",8,3,1,"BS",0,1,1,"1",3,4,1,2,TRUE,TRUE,TRUE,TRUE,1,"Adult"
"104",7,1,2,1,23,1,1,8,"WS",8,11,0,"WS",NA,0,NA,"3",3,4,1,2,TRUE,TRUE,TRUE,TRUE,0,"Adult"
"105",7,1,2,1,23,1,1,8,"WS",8,9,1,"WP",NA,1,1,"3",3,4,1,2,TRUE,TRUE,TRUE,TRUE,1,"Adult"
"106",7,1,2,1,23,1,1,8,"WS",8,16,1,"BS",NA,1,1,"4",3,4,1,2,TRUE,TRUE,TRUE,TRUE,1,"Adult"
"107",7,1,2,1,23,1,1,8,"WS",8,7,1,"BP",NA,1,1,"2",3,4,1,2,TRUE,TRUE,TRUE,TRUE,1,"Adult"
"108",7,1,2,1,23,1,1,8,"WS",8,12,0,"BP",NA,1,NA,"3",3,4,1,2,TRUE,TRUE,TRUE,TRUE,1,"Adult"
"109",7,1,2,1,23,1,1,8,"WS",8,15,1,"BP",NA,1,1,"4",3,4,1,2,TRUE,TRUE,TRUE,TRUE,1,"Adult"
"110",7,1,2,1,23,1,1,8,"WS",8,8,1,"WS",NA,0,0,"2",3,4,1,2,TRUE,TRUE,TRUE,TRUE,0,"Adult"
"111",7,1,2,1,23,1,1,8,"WS",8,13,0,"WP",NA,1,NA,"4",3,4,1,2,TRUE,TRUE,TRUE,TRUE,1,"Adult"
"112",7,1,2,1,23,1,1,8,"WS",8,14,0,"WS",NA,0,NA,"4",3,4,1,2,TRUE,TRUE,TRUE,TRUE,0,"Adult"
"113",8,1,2,3,38,1,1,10,"WS",10,6,1,"BP",NA,1,1,"2",4,0,4,1,TRUE,FALSE,TRUE,TRUE,1,"Adult"
"114",8,1,2,3,38,1,1,10,"WS",10,10,0,"BS",NA,1,NA,"3",4,0,4,1,TRUE,FALSE,TRUE,TRUE,1,"Adult"
"115",8,1,2,3,38,1,1,10,"WS",10,4,0,"BS",0,1,NA,"1",4,0,4,1,TRUE,FALSE,TRUE,TRUE,1,"Adult"
"116",8,1,2,3,38,1,1,10,"WS",10,7,1,"WP",NA,1,1,"2",4,0,4,1,TRUE,FALSE,TRUE,TRUE,1,"Adult"
"117",8,1,2,3,38,1,1,10,"WS",10,11,0,"WS",NA,0,NA,"3",4,0,4,1,TRUE,FALSE,TRUE,TRUE,0,"Adult"
"118",8,1,2,3,38,1,1,10,"WS",10,9,1,"BP",NA,1,1,"3",4,0,4,1,TRUE,FALSE,TRUE,TRUE,1,"Adult"
"119",8,1,2,3,38,1,1,10,"WS",10,5,0,"WS",NA,0,NA,"2",4,0,4,1,TRUE,FALSE,TRUE,TRUE,0,"Adult"
"120",8,1,2,3,38,1,1,10,"WS",10,13,0,"BS",NA,1,NA,"4",4,0,4,1,TRUE,FALSE,TRUE,TRUE,1,"Adult"
"121",8,1,2,3,38,1,1,10,"WS",10,12,1,"WP",NA,1,1,"3",4,0,4,1,TRUE,FALSE,TRUE,TRUE,1,"Adult"
"122",8,1,2,3,38,1,1,10,"WS",10,15,0,"WS",NA,0,NA,"4",4,0,4,1,TRUE,FALSE,TRUE,TRUE,0,"Adult"
"123",8,1,2,3,38,1,1,10,"WS",10,14,1,"WP",NA,1,1,"4",4,0,4,1,TRUE,FALSE,TRUE,TRUE,1,"Adult"
"124",8,1,2,3,38,1,1,10,"WS",10,16,1,"BP",NA,1,1,"4",4,0,4,1,TRUE,FALSE,TRUE,TRUE,1,"Adult"
"125",8,1,2,3,38,1,1,10,"WS",10,1,1,"BP",1,1,1,"1",4,0,4,1,TRUE,FALSE,TRUE,TRUE,1,"Adult"
"126",8,1,2,3,38,1,1,10,"WS",10,3,1,"WP",1,1,1,"1",4,0,4,1,TRUE,FALSE,TRUE,TRUE,1,"Adult"
"127",8,1,2,3,38,1,1,10,"WS",10,2,1,"WS",0,0,0,"1",4,0,4,1,TRUE,FALSE,TRUE,TRUE,0,"Adult"
"128",8,1,2,3,38,1,1,10,"WS",10,8,0,"BS",NA,1,NA,"2",4,0,4,1,TRUE,FALSE,TRUE,TRUE,1,"Adult"
"129",9,1,2,3,23,2,2,12,"BP",12,14,1,"BS",NA,1,1,"4",0,4,0,4,FALSE,TRUE,FALSE,TRUE,1,"Adult"
"130",9,1,2,3,23,2,2,12,"BP",12,4,0,"WP",0,1,NA,"1",0,4,0,4,FALSE,TRUE,FALSE,TRUE,1,"Adult"
"131",9,1,2,3,23,2,2,12,"BP",12,1,1,"WS",1,1,1,"1",0,4,0,4,FALSE,TRUE,FALSE,TRUE,1,"Adult"
"132",9,1,2,3,23,2,2,12,"BP",12,5,1,"WS",NA,1,1,"2",0,4,0,4,FALSE,TRUE,FALSE,TRUE,1,"Adult"
"133",9,1,2,3,23,2,2,12,"BP",12,15,0,"WP",NA,1,NA,"4",0,4,0,4,FALSE,TRUE,FALSE,TRUE,1,"Adult"
"134",9,1,2,3,23,2,2,12,"BP",12,6,0,"BP",NA,0,NA,"2",0,4,0,4,FALSE,TRUE,FALSE,TRUE,0,"Adult"
"135",9,1,2,3,23,2,2,12,"BP",12,9,1,"WS",NA,1,1,"3",0,4,0,4,FALSE,TRUE,FALSE,TRUE,1,"Adult"
"136",9,1,2,3,23,2,2,12,"BP",12,2,0,"BP",0,0,NA,"1",0,4,0,4,FALSE,TRUE,FALSE,TRUE,0,"Adult"
"137",9,1,2,3,23,2,2,12,"BP",12,7,1,"BS",NA,1,1,"2",0,4,0,4,FALSE,TRUE,FALSE,TRUE,1,"Adult"
"138",9,1,2,3,23,2,2,12,"BP",12,10,1,"BS",NA,1,1,"3",0,4,0,4,FALSE,TRUE,FALSE,TRUE,1,"Adult"
"139",9,1,2,3,23,2,2,12,"BP",12,3,1,"BS",1,1,1,"1",0,4,0,4,FALSE,TRUE,FALSE,TRUE,1,"Adult"
"140",9,1,2,3,23,2,2,12,"BP",12,11,0,"WP",NA,1,NA,"3",0,4,0,4,FALSE,TRUE,FALSE,TRUE,1,"Adult"
"141",9,1,2,3,23,2,2,12,"BP",12,16,0,"BP",NA,0,NA,"4",0,4,0,4,FALSE,TRUE,FALSE,TRUE,0,"Adult"
"142",9,1,2,3,23,2,2,12,"BP",12,8,0,"WP",NA,1,NA,"2",0,4,0,4,FALSE,TRUE,FALSE,TRUE,1,"Adult"
"143",9,1,2,3,23,2,2,12,"BP",12,13,1,"WS",NA,1,1,"4",0,4,0,4,FALSE,TRUE,FALSE,TRUE,1,"Adult"
"144",9,1,2,3,23,2,2,12,"BP",12,12,0,"BP",NA,0,NA,"3",0,4,0,4,FALSE,TRUE,FALSE,TRUE,0,"Adult"
"145",10,1,2,3,37,2,1,9,"BS",9,5,1,"WP",NA,1,1,"2",4,1,3,0,TRUE,TRUE,TRUE,FALSE,1,"Adult"
"146",10,1,2,3,37,2,1,9,"BS",9,4,0,"WS",0,1,NA,"1",4,1,3,0,TRUE,TRUE,TRUE,FALSE,1,"Adult"
"147",10,1,2,3,37,2,1,9,"BS",9,6,1,"BP",NA,1,1,"2",4,1,3,0,TRUE,TRUE,TRUE,FALSE,1,"Adult"
"148",10,1,2,3,37,2,1,9,"BS",9,10,1,"BP",NA,1,1,"3",4,1,3,0,TRUE,TRUE,TRUE,FALSE,1,"Adult"
"149",10,1,2,3,37,2,1,9,"BS",9,1,0,"WP",0,1,NA,"1",4,1,3,0,TRUE,TRUE,TRUE,FALSE,1,"Adult"
"150",10,1,2,3,37,2,1,9,"BS",9,7,0,"BS",NA,0,NA,"2",4,1,3,0,TRUE,TRUE,TRUE,FALSE,0,"Adult"
"151",10,1,2,3,37,2,1,9,"BS",9,11,0,"WS",NA,1,NA,"3",4,1,3,0,TRUE,TRUE,TRUE,FALSE,1,"Adult"
"152",10,1,2,3,37,2,1,9,"BS",9,9,1,"WP",NA,1,1,"3",4,1,3,0,TRUE,TRUE,TRUE,FALSE,1,"Adult"
"153",10,1,2,3,37,2,1,9,"BS",9,2,1,"BS",1,0,0,"1",4,1,3,0,TRUE,TRUE,TRUE,FALSE,0,"Adult"
"154",10,1,2,3,37,2,1,9,"BS",9,16,1,"BP",NA,1,1,"4",4,1,3,0,TRUE,TRUE,TRUE,FALSE,1,"Adult"
"155",10,1,2,3,37,2,1,9,"BS",9,3,1,"BP",1,1,1,"1",4,1,3,0,TRUE,TRUE,TRUE,FALSE,1,"Adult"
"156",10,1,2,3,37,2,1,9,"BS",9,15,0,"BS",NA,0,NA,"4",4,1,3,0,TRUE,TRUE,TRUE,FALSE,0,"Adult"
"157",10,1,2,3,37,2,1,9,"BS",9,8,0,"WS",NA,1,NA,"2",4,1,3,0,TRUE,TRUE,TRUE,FALSE,1,"Adult"
"158",10,1,2,3,37,2,1,9,"BS",9,13,1,"WP",NA,1,1,"4",4,1,3,0,TRUE,TRUE,TRUE,FALSE,1,"Adult"
"159",10,1,2,3,37,2,1,9,"BS",9,12,0,"BS",NA,0,NA,"3",4,1,3,0,TRUE,TRUE,TRUE,FALSE,0,"Adult"
"160",10,1,2,3,37,2,1,9,"BS",9,14,0,"WS",NA,1,NA,"4",4,1,3,0,TRUE,TRUE,TRUE,FALSE,1,"Adult"
"161",11,1,2,3,36,1,1,10,"WP",10,6,0,"BP",NA,1,NA,"2",0,4,1,4,FALSE,TRUE,TRUE,TRUE,1,"Adult"
"162",11,1,2,3,36,1,1,10,"WP",10,5,1,"BS",NA,1,1,"2",0,4,1,4,FALSE,TRUE,TRUE,TRUE,1,"Adult"
"163",11,1,2,3,36,1,1,10,"WP",10,7,1,"WS",NA,1,1,"2",0,4,1,4,FALSE,TRUE,TRUE,TRUE,1,"Adult"
"164",11,1,2,3,36,1,1,10,"WP",10,12,0,"BP",NA,1,NA,"3",0,4,1,4,FALSE,TRUE,TRUE,TRUE,1,"Adult"
"165",11,1,2,3,36,1,1,10,"WP",10,10,1,"WS",NA,1,1,"3",0,4,1,4,FALSE,TRUE,TRUE,TRUE,1,"Adult"
"166",11,1,2,3,36,1,1,10,"WP",10,9,1,"BS",NA,1,1,"3",0,4,1,4,FALSE,TRUE,TRUE,TRUE,1,"Adult"
"167",11,1,2,3,36,1,1,10,"WP",10,4,1,"WS",1,1,1,"1",0,4,1,4,FALSE,TRUE,TRUE,TRUE,1,"Adult"
"168",11,1,2,3,36,1,1,10,"WP",10,13,0,"BP",NA,1,NA,"4",0,4,1,4,FALSE,TRUE,TRUE,TRUE,1,"Adult"
"169",11,1,2,3,36,1,1,10,"WP",10,11,0,"WP",NA,0,NA,"3",0,4,1,4,FALSE,TRUE,TRUE,TRUE,0,"Adult"
"170",11,1,2,3,36,1,1,10,"WP",10,1,1,"BS",1,1,1,"1",0,4,1,4,FALSE,TRUE,TRUE,TRUE,1,"Adult"
"171",11,1,2,3,36,1,1,10,"WP",10,14,0,"WP",NA,0,NA,"4",0,4,1,4,FALSE,TRUE,TRUE,TRUE,0,"Adult"
"172",11,1,2,3,36,1,1,10,"WP",10,3,0,"BP",0,1,NA,"1",0,4,1,4,FALSE,TRUE,TRUE,TRUE,1,"Adult"
"173",11,1,2,3,36,1,1,10,"WP",10,15,1,"WS",NA,1,1,"4",0,4,1,4,FALSE,TRUE,TRUE,TRUE,1,"Adult"
"174",11,1,2,3,36,1,1,10,"WP",10,2,1,"WP",1,0,0,"1",0,4,1,4,FALSE,TRUE,TRUE,TRUE,0,"Adult"
"175",11,1,2,3,36,1,1,10,"WP",10,16,1,"BS",NA,1,1,"4",0,4,1,4,FALSE,TRUE,TRUE,TRUE,1,"Adult"
"176",11,1,2,3,36,1,1,10,"WP",10,8,0,"WP",NA,0,NA,"2",0,4,1,4,FALSE,TRUE,TRUE,TRUE,0,"Adult"
"177",12,1,2,3,37,2,1,10,"WP",10,4,0,"BP",0,1,NA,"1",0,4,1,4,FALSE,TRUE,TRUE,TRUE,1,"Adult"
"178",12,1,2,3,37,2,1,10,"WP",10,1,1,"BS",1,1,1,"1",0,4,1,4,FALSE,TRUE,TRUE,TRUE,1,"Adult"
"179",12,1,2,3,37,2,1,10,"WP",10,5,0,"BP",NA,1,NA,"2",0,4,1,4,FALSE,TRUE,TRUE,TRUE,1,"Adult"
"180",12,1,2,3,37,2,1,10,"WP",10,9,0,"WP",NA,0,NA,"3",0,4,1,4,FALSE,TRUE,TRUE,TRUE,0,"Adult"
"181",12,1,2,3,37,2,1,10,"WP",10,3,1,"WS",1,1,1,"1",0,4,1,4,FALSE,TRUE,TRUE,TRUE,1,"Adult"
"182",12,1,2,3,37,2,1,10,"WP",10,2,1,"WP",1,0,0,"1",0,4,1,4,FALSE,TRUE,TRUE,TRUE,0,"Adult"
"183",12,1,2,3,37,2,1,10,"WP",10,10,1,"WS",NA,1,1,"3",0,4,1,4,FALSE,TRUE,TRUE,TRUE,1,"Adult"
"184",12,1,2,3,37,2,1,10,"WP",10,11,1,"BS",NA,1,1,"3",0,4,1,4,FALSE,TRUE,TRUE,TRUE,1,"Adult"
"185",12,1,2,3,37,2,1,10,"WP",10,6,0,"WP",NA,0,NA,"2",0,4,1,4,FALSE,TRUE,TRUE,TRUE,0,"Adult"
"186",12,1,2,3,37,2,1,10,"WP",10,14,1,"BS",NA,1,1,"4",0,4,1,4,FALSE,TRUE,TRUE,TRUE,1,"Adult"
"187",12,1,2,3,37,2,1,10,"WP",10,8,1,"BS",NA,1,1,"2",0,4,1,4,FALSE,TRUE,TRUE,TRUE,1,"Adult"
"188",12,1,2,3,37,2,1,10,"WP",10,15,0,"WP",NA,0,NA,"4",0,4,1,4,FALSE,TRUE,TRUE,TRUE,0,"Adult"
"189",12,1,2,3,37,2,1,10,"WP",10,12,0,"BP",NA,1,NA,"3",0,4,1,4,FALSE,TRUE,TRUE,TRUE,1,"Adult"
"190",12,1,2,3,37,2,1,10,"WP",10,7,1,"WS",NA,1,1,"2",0,4,1,4,FALSE,TRUE,TRUE,TRUE,1,"Adult"
"191",12,1,2,3,37,2,1,10,"WP",10,16,1,"WS",NA,1,1,"4",0,4,1,4,FALSE,TRUE,TRUE,TRUE,1,"Adult"
"192",12,1,2,3,37,2,1,10,"WP",10,13,0,"BP",NA,1,NA,"4",0,4,1,4,FALSE,TRUE,TRUE,TRUE,1,"Adult"
"193",13,1,2,3,61,2,1,12,"WP",12,5,1,"BS",NA,1,1,"2",0,4,0,4,FALSE,TRUE,FALSE,TRUE,1,"Adult"
"194",13,1,2,3,61,2,1,12,"WP",12,10,0,"BP",NA,1,NA,"3",0,4,0,4,FALSE,TRUE,FALSE,TRUE,1,"Adult"
"195",13,1,2,3,61,2,1,12,"WP",12,6,0,"BP",NA,1,NA,"2",0,4,0,4,FALSE,TRUE,FALSE,TRUE,1,"Adult"
"196",13,1,2,3,61,2,1,12,"WP",12,2,0,"WP",0,0,NA,"1",0,4,0,4,FALSE,TRUE,FALSE,TRUE,0,"Adult"
"197",13,1,2,3,61,2,1,12,"WP",12,9,1,"BS",NA,1,1,"3",0,4,0,4,FALSE,TRUE,FALSE,TRUE,1,"Adult"
"198",13,1,2,3,61,2,1,12,"WP",12,16,0,"WP",NA,0,NA,"4",0,4,0,4,FALSE,TRUE,FALSE,TRUE,0,"Adult"
"199",13,1,2,3,61,2,1,12,"WP",12,11,0,"WP",NA,0,NA,"3",0,4,0,4,FALSE,TRUE,FALSE,TRUE,0,"Adult"
"200",13,1,2,3,61,2,1,12,"WP",12,1,1,"BS",1,1,1,"1",0,4,0,4,FALSE,TRUE,FALSE,TRUE,1,"Adult"
"201",13,1,2,3,61,2,1,12,"WP",12,13,1,"BS",NA,1,1,"4",0,4,0,4,FALSE,TRUE,FALSE,TRUE,1,"Adult"
"202",13,1,2,3,61,2,1,12,"WP",12,3,0,"BP",0,1,NA,"1",0,4,0,4,FALSE,TRUE,FALSE,TRUE,1,"Adult"
"203",13,1,2,3,61,2,1,12,"WP",12,15,0,"BP",NA,1,NA,"4",0,4,0,4,FALSE,TRUE,FALSE,TRUE,1,"Adult"
"204",13,1,2,3,61,2,1,12,"WP",12,14,1,"WS",NA,1,1,"4",0,4,0,4,FALSE,TRUE,FALSE,TRUE,1,"Adult"
"205",13,1,2,3,61,2,1,12,"WP",12,4,1,"WS",1,1,1,"1",0,4,0,4,FALSE,TRUE,FALSE,TRUE,1,"Adult"
"206",13,1,2,3,61,2,1,12,"WP",12,12,1,"WS",NA,1,1,"3",0,4,0,4,FALSE,TRUE,FALSE,TRUE,1,"Adult"
"207",13,1,2,3,61,2,1,12,"WP",12,7,0,"WP",NA,0,NA,"2",0,4,0,4,FALSE,TRUE,FALSE,TRUE,0,"Adult"
"208",13,1,2,3,61,2,1,12,"WP",12,8,1,"WS",NA,1,1,"2",0,4,0,4,FALSE,TRUE,FALSE,TRUE,1,"Adult"
"209",14,1,2,3,42,1,1,12,"BS",12,10,0,"BS",NA,0,NA,"3",4,0,4,0,TRUE,FALSE,TRUE,FALSE,0,"Adult"
"210",14,1,2,3,42,1,1,12,"BS",12,5,1,"WP",NA,1,1,"2",4,0,4,0,TRUE,FALSE,TRUE,FALSE,1,"Adult"
"211",14,1,2,3,42,1,1,12,"BS",12,4,1,"BP",1,1,1,"1",4,0,4,0,TRUE,FALSE,TRUE,FALSE,1,"Adult"
"212",14,1,2,3,42,1,1,12,"BS",12,11,1,"WP",NA,1,1,"3",4,0,4,0,TRUE,FALSE,TRUE,FALSE,1,"Adult"
"213",14,1,2,3,42,1,1,12,"BS",12,1,1,"WP",1,1,1,"1",4,0,4,0,TRUE,FALSE,TRUE,FALSE,1,"Adult"
"214",14,1,2,3,42,1,1,12,"BS",12,14,0,"WS",NA,1,NA,"4",4,0,4,0,TRUE,FALSE,TRUE,FALSE,1,"Adult"
"215",14,1,2,3,42,1,1,12,"BS",12,9,1,"BP",NA,1,1,"3",4,0,4,0,TRUE,FALSE,TRUE,FALSE,1,"Adult"
"216",14,1,2,3,42,1,1,12,"BS",12,3,0,"WS",0,1,NA,"1",4,0,4,0,TRUE,FALSE,TRUE,FALSE,1,"Adult"
"217",14,1,2,3,42,1,1,12,"BS",12,15,1,"WP",NA,1,1,"4",4,0,4,0,TRUE,FALSE,TRUE,FALSE,1,"Adult"
"218",14,1,2,3,42,1,1,12,"BS",12,6,0,"BS",NA,0,NA,"2",4,0,4,0,TRUE,FALSE,TRUE,FALSE,0,"Adult"
"219",14,1,2,3,42,1,1,12,"BS",12,12,0,"WS",NA,1,NA,"3",4,0,4,0,TRUE,FALSE,TRUE,FALSE,1,"Adult"
"220",14,1,2,3,42,1,1,12,"BS",12,2,0,"BS",0,0,NA,"1",4,0,4,0,TRUE,FALSE,TRUE,FALSE,0,"Adult"
"221",14,1,2,3,42,1,1,12,"BS",12,7,0,"WS",NA,1,NA,"2",4,0,4,0,TRUE,FALSE,TRUE,FALSE,1,"Adult"
"222",14,1,2,3,42,1,1,12,"BS",12,16,0,"BS",NA,0,NA,"4",4,0,4,0,TRUE,FALSE,TRUE,FALSE,0,"Adult"
"223",14,1,2,3,42,1,1,12,"BS",12,13,1,"BP",NA,1,1,"4",4,0,4,0,TRUE,FALSE,TRUE,FALSE,1,"Adult"
"224",14,1,2,3,42,1,1,12,"BS",12,8,1,"BP",NA,1,1,"2",4,0,4,0,TRUE,FALSE,TRUE,FALSE,1,"Adult"
"225",15,1,2,3,30,2,1,4,"BP",4,9,0,"WP",NA,1,NA,"3",2,1,1,2,TRUE,TRUE,TRUE,TRUE,1,"Adult"
"226",15,1,2,3,30,2,1,4,"BP",4,4,0,"BS",0,1,NA,"1",2,1,1,2,TRUE,TRUE,TRUE,TRUE,1,"Adult"
"227",15,1,2,3,30,2,1,4,"BP",4,10,1,"WS",NA,1,1,"3",2,1,1,2,TRUE,TRUE,TRUE,TRUE,1,"Adult"
"228",15,1,2,3,30,2,1,4,"BP",4,5,1,"BP",NA,0,0,"2",2,1,1,2,TRUE,TRUE,TRUE,TRUE,0,"Adult"
"229",15,1,2,3,30,2,1,4,"BP",4,2,1,"BP",1,0,0,"1",2,1,1,2,TRUE,TRUE,TRUE,TRUE,0,"Adult"
"230",15,1,2,3,30,2,1,4,"BP",4,1,0,"WS",0,1,NA,"1",2,1,1,2,TRUE,TRUE,TRUE,TRUE,1,"Adult"
"231",15,1,2,3,30,2,1,4,"BP",4,6,1,"BS",NA,1,1,"2",2,1,1,2,TRUE,TRUE,TRUE,TRUE,1,"Adult"
"232",15,1,2,3,30,2,1,4,"BP",4,11,0,"BS",NA,1,NA,"3",2,1,1,2,TRUE,TRUE,TRUE,TRUE,1,"Adult"
"233",15,1,2,3,30,2,1,4,"BP",4,14,0,"WP",NA,1,NA,"4",2,1,1,2,TRUE,TRUE,TRUE,TRUE,1,"Adult"
"234",15,1,2,3,30,2,1,4,"BP",4,3,1,"WP",1,1,1,"1",2,1,1,2,TRUE,TRUE,TRUE,TRUE,1,"Adult"
"235",15,1,2,3,30,2,1,4,"BP",4,15,0,"BS",NA,1,NA,"4",2,1,1,2,TRUE,TRUE,TRUE,TRUE,1,"Adult"
"236",15,1,2,3,30,2,1,4,"BP",4,12,0,"BP",NA,0,NA,"3",2,1,1,2,TRUE,TRUE,TRUE,TRUE,0,"Adult"
"237",15,1,2,3,30,2,1,4,"BP",4,8,0,"WS",NA,1,NA,"2",2,1,1,2,TRUE,TRUE,TRUE,TRUE,1,"Adult"
"238",15,1,2,3,30,2,1,4,"BP",4,7,0,"WP",NA,1,NA,"2",2,1,1,2,TRUE,TRUE,TRUE,TRUE,1,"Adult"
"239",15,1,2,3,30,2,1,4,"BP",4,16,0,"BP",NA,0,NA,"4",2,1,1,2,TRUE,TRUE,TRUE,TRUE,0,"Adult"
"240",15,1,2,3,30,2,1,4,"BP",4,13,1,"WS",NA,1,1,"4",2,1,1,2,TRUE,TRUE,TRUE,TRUE,1,"Adult"
"241",16,1,2,3,31,1,1,12,"WS",12,10,0,"WS",NA,0,NA,"3",4,4,0,0,TRUE,TRUE,FALSE,FALSE,0,"Adult"
"242",16,1,2,3,31,1,1,12,"WS",12,5,1,"BS",NA,1,1,"2",4,4,0,0,TRUE,TRUE,FALSE,FALSE,1,"Adult"
"243",16,1,2,3,31,1,1,12,"WS",12,11,1,"BS",NA,1,1,"3",4,4,0,0,TRUE,TRUE,FALSE,FALSE,1,"Adult"
"244",16,1,2,3,31,1,1,12,"WS",12,9,0,"WP",NA,1,NA,"3",4,4,0,0,TRUE,TRUE,FALSE,FALSE,1,"Adult"
"245",16,1,2,3,31,1,1,12,"WS",12,6,0,"WP",NA,1,NA,"2",4,4,0,0,TRUE,TRUE,FALSE,FALSE,1,"Adult"
"246",16,1,2,3,31,1,1,12,"WS",12,3,1,"BS",1,1,1,"1",4,4,0,0,TRUE,TRUE,FALSE,FALSE,1,"Adult"
"247",16,1,2,3,31,1,1,12,"WS",12,15,0,"WP",NA,1,NA,"4",4,4,0,0,TRUE,TRUE,FALSE,FALSE,1,"Adult"
"248",16,1,2,3,31,1,1,12,"WS",12,13,1,"BP",NA,1,1,"4",4,4,0,0,TRUE,TRUE,FALSE,FALSE,1,"Adult"
"249",16,1,2,3,31,1,1,12,"WS",12,12,1,"BP",NA,1,1,"3",4,4,0,0,TRUE,TRUE,FALSE,FALSE,1,"Adult"
"250",16,1,2,3,31,1,1,12,"WS",12,2,0,"WS",0,0,NA,"1",4,4,0,0,TRUE,TRUE,FALSE,FALSE,0,"Adult"
"251",16,1,2,3,31,1,1,12,"WS",12,14,1,"BS",NA,1,1,"4",4,4,0,0,TRUE,TRUE,FALSE,FALSE,1,"Adult"
"252",16,1,2,3,31,1,1,12,"WS",12,4,0,"WP",0,1,NA,"1",4,4,0,0,TRUE,TRUE,FALSE,FALSE,1,"Adult"
"253",16,1,2,3,31,1,1,12,"WS",12,16,0,"WS",NA,0,NA,"4",4,4,0,0,TRUE,TRUE,FALSE,FALSE,0,"Adult"
"254",16,1,2,3,31,1,1,12,"WS",12,1,1,"BP",1,1,1,"1",4,4,0,0,TRUE,TRUE,FALSE,FALSE,1,"Adult"
"255",16,1,2,3,31,1,1,12,"WS",12,8,1,"BP",NA,1,1,"2",4,4,0,0,TRUE,TRUE,FALSE,FALSE,1,"Adult"
"256",16,1,2,3,31,1,1,12,"WS",12,7,0,"WS",NA,0,NA,"2",4,4,0,0,TRUE,TRUE,FALSE,FALSE,0,"Adult"
"257",17,1,2,3,32,2,1,12,"BP",12,4,0,"WP",0,1,NA,"1",0,4,0,4,FALSE,TRUE,FALSE,TRUE,1,"Adult"
"258",17,1,2,3,32,2,1,12,"BP",12,1,1,"WS",1,1,1,"1",0,4,0,4,FALSE,TRUE,FALSE,TRUE,1,"Adult"
"259",17,1,2,3,32,2,1,12,"BP",12,5,1,"WS",NA,1,1,"2",0,4,0,4,FALSE,TRUE,FALSE,TRUE,1,"Adult"
"260",17,1,2,3,32,2,1,12,"BP",12,10,1,"WS",NA,1,1,"3",0,4,0,4,FALSE,TRUE,FALSE,TRUE,1,"Adult"
"261",17,1,2,3,32,2,1,12,"BP",12,14,1,"WS",NA,1,1,"4",0,4,0,4,FALSE,TRUE,FALSE,TRUE,1,"Adult"
"262",17,1,2,3,32,2,1,12,"BP",12,9,1,"BS",NA,1,1,"3",0,4,0,4,FALSE,TRUE,FALSE,TRUE,1,"Adult"
"263",17,1,2,3,32,2,1,12,"BP",12,3,1,"BS",1,1,1,"1",0,4,0,4,FALSE,TRUE,FALSE,TRUE,1,"Adult"
"264",17,1,2,3,32,2,1,12,"BP",12,2,0,"BP",0,0,NA,"1",0,4,0,4,FALSE,TRUE,FALSE,TRUE,0,"Adult"
"265",17,1,2,3,32,2,1,12,"BP",12,6,0,"BP",NA,0,NA,"2",0,4,0,4,FALSE,TRUE,FALSE,TRUE,0,"Adult"
"266",17,1,2,3,32,2,1,12,"BP",12,12,0,"WP",NA,1,NA,"3",0,4,0,4,FALSE,TRUE,FALSE,TRUE,1,"Adult"
"267",17,1,2,3,32,2,1,12,"BP",12,11,0,"BP",NA,0,NA,"3",0,4,0,4,FALSE,TRUE,FALSE,TRUE,0,"Adult"
"268",17,1,2,3,32,2,1,12,"BP",12,15,0,"BP",NA,0,NA,"4",0,4,0,4,FALSE,TRUE,FALSE,TRUE,0,"Adult"
"269",17,1,2,3,32,2,1,12,"BP",12,8,1,"BS",NA,1,1,"2",0,4,0,4,FALSE,TRUE,FALSE,TRUE,1,"Adult"
"270",17,1,2,3,32,2,1,12,"BP",12,7,0,"WP",NA,1,NA,"2",0,4,0,4,FALSE,TRUE,FALSE,TRUE,1,"Adult"
"271",17,1,2,3,32,2,1,12,"BP",12,16,1,"BS",NA,1,1,"4",0,4,0,4,FALSE,TRUE,FALSE,TRUE,1,"Adult"
"272",17,1,2,3,32,2,1,12,"BP",12,13,0,"WP",NA,1,NA,"4",0,4,0,4,FALSE,TRUE,FALSE,TRUE,1,"Adult"
"273",18,1,2,3,24,1,1,10,"BS",10,4,1,"WS",1,1,1,"1",3,2,4,3,TRUE,TRUE,TRUE,TRUE,1,"Adult"
"274",18,1,2,3,24,1,1,10,"BS",10,5,1,"WP",NA,1,1,"2",3,2,4,3,TRUE,TRUE,TRUE,TRUE,1,"Adult"
"275",18,1,2,3,24,1,1,10,"BS",10,10,1,"BP",NA,1,1,"3",3,2,4,3,TRUE,TRUE,TRUE,TRUE,1,"Adult"
"276",18,1,2,3,24,1,1,10,"BS",10,6,1,"BS",NA,0,0,"2",3,2,4,3,TRUE,TRUE,TRUE,TRUE,0,"Adult"
"277",18,1,2,3,24,1,1,10,"BS",10,2,0,"BS",0,0,NA,"1",3,2,4,3,TRUE,TRUE,TRUE,TRUE,0,"Adult"
"278",18,1,2,3,24,1,1,10,"BS",10,9,1,"WS",NA,1,1,"3",3,2,4,3,TRUE,TRUE,TRUE,TRUE,1,"Adult"
"279",18,1,2,3,24,1,1,10,"BS",10,3,0,"BP",0,1,NA,"1",3,2,4,3,TRUE,TRUE,TRUE,TRUE,1,"Adult"
"280",18,1,2,3,24,1,1,10,"BS",10,11,1,"BS",NA,0,0,"3",3,2,4,3,TRUE,TRUE,TRUE,TRUE,0,"Adult"
"281",18,1,2,3,24,1,1,10,"BS",10,7,1,"WS",NA,1,1,"2",3,2,4,3,TRUE,TRUE,TRUE,TRUE,1,"Adult"
"282",18,1,2,3,24,1,1,10,"BS",10,15,0,"BS",NA,0,NA,"4",3,2,4,3,TRUE,TRUE,TRUE,TRUE,0,"Adult"
"283",18,1,2,3,24,1,1,10,"BS",10,1,1,"WP",1,1,1,"1",3,2,4,3,TRUE,TRUE,TRUE,TRUE,1,"Adult"
"284",18,1,2,3,24,1,1,10,"BS",10,16,0,"WS",NA,1,NA,"4",3,2,4,3,TRUE,TRUE,TRUE,TRUE,1,"Adult"
"285",18,1,2,3,24,1,1,10,"BS",10,12,1,"WP",NA,1,1,"3",3,2,4,3,TRUE,TRUE,TRUE,TRUE,1,"Adult"
"286",18,1,2,3,24,1,1,10,"BS",10,14,1,"WP",NA,1,1,"4",3,2,4,3,TRUE,TRUE,TRUE,TRUE,1,"Adult"
"287",18,1,2,3,24,1,1,10,"BS",10,8,1,"BP",NA,1,1,"2",3,2,4,3,TRUE,TRUE,TRUE,TRUE,1,"Adult"
"288",18,1,2,3,24,1,1,10,"BS",10,13,1,"BP",NA,1,1,"4",3,2,4,3,TRUE,TRUE,TRUE,TRUE,1,"Adult"
"289",19,1,2,3,30,1,1,12,"WP",12,5,1,"WS",NA,1,1,"2",0,4,0,4,FALSE,TRUE,FALSE,TRUE,1,"Adult"
"290",19,1,2,3,30,1,1,12,"WP",12,11,0,"BP",NA,1,NA,"3",0,4,0,4,FALSE,TRUE,FALSE,TRUE,1,"Adult"
"291",19,1,2,3,30,1,1,12,"WP",12,3,1,"WS",1,1,1,"1",0,4,0,4,FALSE,TRUE,FALSE,TRUE,1,"Adult"
"292",19,1,2,3,30,1,1,12,"WP",12,12,1,"BS",NA,1,1,"3",0,4,0,4,FALSE,TRUE,FALSE,TRUE,1,"Adult"
"293",19,1,2,3,30,1,1,12,"WP",12,10,0,"WP",NA,0,NA,"3",0,4,0,4,FALSE,TRUE,FALSE,TRUE,0,"Adult"
"294",19,1,2,3,30,1,1,12,"WP",12,9,1,"WS",NA,1,1,"3",0,4,0,4,FALSE,TRUE,FALSE,TRUE,1,"Adult"
"295",19,1,2,3,30,1,1,12,"WP",12,6,0,"BP",NA,1,NA,"2",0,4,0,4,FALSE,TRUE,FALSE,TRUE,1,"Adult"
"296",19,1,2,3,30,1,1,12,"WP",12,13,0,"BP",NA,1,NA,"4",0,4,0,4,FALSE,TRUE,FALSE,TRUE,1,"Adult"
"297",19,1,2,3,30,1,1,12,"WP",12,16,1,"WS",NA,1,1,"4",0,4,0,4,FALSE,TRUE,FALSE,TRUE,1,"Adult"
"298",19,1,2,3,30,1,1,12,"WP",12,1,1,"BS",1,1,1,"1",0,4,0,4,FALSE,TRUE,FALSE,TRUE,1,"Adult"
"299",19,1,2,3,30,1,1,12,"WP",12,4,0,"BP",0,1,NA,"1",0,4,0,4,FALSE,TRUE,FALSE,TRUE,1,"Adult"
"300",19,1,2,3,30,1,1,12,"WP",12,8,1,"BS",NA,1,1,"2",0,4,0,4,FALSE,TRUE,FALSE,TRUE,1,"Adult"
"301",19,1,2,3,30,1,1,12,"WP",12,15,0,"WP",NA,0,NA,"4",0,4,0,4,FALSE,TRUE,FALSE,TRUE,0,"Adult"
"302",19,1,2,3,30,1,1,12,"WP",12,14,1,"BS",NA,1,1,"4",0,4,0,4,FALSE,TRUE,FALSE,TRUE,1,"Adult"
"303",19,1,2,3,30,1,1,12,"WP",12,2,0,"WP",0,0,NA,"1",0,4,0,4,FALSE,TRUE,FALSE,TRUE,0,"Adult"
"304",19,1,2,3,30,1,1,12,"WP",12,7,0,"WP",NA,0,NA,"2",0,4,0,4,FALSE,TRUE,FALSE,TRUE,0,"Adult"
"305",20,1,2,3,31,2,1,12,"WP",12,4,0,"WS",0,1,NA,"1",4,4,0,0,TRUE,TRUE,FALSE,FALSE,1,"Adult"
"306",20,1,2,3,31,2,1,12,"WP",12,5,1,"BS",NA,1,1,"2",4,4,0,0,TRUE,TRUE,FALSE,FALSE,1,"Adult"
"307",20,1,2,3,31,2,1,12,"WP",12,2,0,"WP",0,0,NA,"1",4,4,0,0,TRUE,TRUE,FALSE,FALSE,0,"Adult"
"308",20,1,2,3,31,2,1,12,"WP",12,14,0,"WS",NA,1,NA,"4",4,4,0,0,TRUE,TRUE,FALSE,FALSE,1,"Adult"
"309",20,1,2,3,31,2,1,12,"WP",12,3,1,"BP",1,1,1,"1",4,4,0,0,TRUE,TRUE,FALSE,FALSE,1,"Adult"
"310",20,1,2,3,31,2,1,12,"WP",12,1,1,"BS",1,1,1,"1",4,4,0,0,TRUE,TRUE,FALSE,FALSE,1,"Adult"
"311",20,1,2,3,31,2,1,12,"WP",12,10,1,"BP",NA,1,1,"3",4,4,0,0,TRUE,TRUE,FALSE,FALSE,1,"Adult"
"312",20,1,2,3,31,2,1,12,"WP",12,6,0,"WP",NA,0,NA,"2",4,4,0,0,TRUE,TRUE,FALSE,FALSE,0,"Adult"
"313",20,1,2,3,31,2,1,12,"WP",12,12,0,"WS",NA,1,NA,"3",4,4,0,0,TRUE,TRUE,FALSE,FALSE,1,"Adult"
"314",20,1,2,3,31,2,1,12,"WP",12,9,1,"BS",NA,1,1,"3",4,4,0,0,TRUE,TRUE,FALSE,FALSE,1,"Adult"
"315",20,1,2,3,31,2,1,12,"WP",12,11,0,"WP",NA,0,NA,"3",4,4,0,0,TRUE,TRUE,FALSE,FALSE,0,"Adult"
"316",20,1,2,3,31,2,1,12,"WP",12,15,0,"WP",NA,0,NA,"4",4,4,0,0,TRUE,TRUE,FALSE,FALSE,0,"Adult"
"317",20,1,2,3,31,2,1,12,"WP",12,8,1,"BP",NA,1,1,"2",4,4,0,0,TRUE,TRUE,FALSE,FALSE,1,"Adult"
"318",20,1,2,3,31,2,1,12,"WP",12,7,0,"WS",NA,1,NA,"2",4,4,0,0,TRUE,TRUE,FALSE,FALSE,1,"Adult"
"319",20,1,2,3,31,2,1,12,"WP",12,16,1,"BP",NA,1,1,"4",4,4,0,0,TRUE,TRUE,FALSE,FALSE,1,"Adult"
"320",20,1,2,3,31,2,1,12,"WP",12,13,1,"BS",NA,1,1,"4",4,4,0,0,TRUE,TRUE,FALSE,FALSE,1,"Adult"
"321",21,1,2,3,32,1,1,12,"BP",12,5,1,"BS",NA,1,1,"2",0,4,0,4,FALSE,TRUE,FALSE,TRUE,1,"Adult"
"322",21,1,2,3,32,1,1,12,"BP",12,4,0,"WP",0,1,NA,"1",0,4,0,4,FALSE,TRUE,FALSE,TRUE,1,"Adult"
"323",21,1,2,3,32,1,1,12,"BP",12,6,1,"WS",NA,1,1,"2",0,4,0,4,FALSE,TRUE,FALSE,TRUE,1,"Adult"
"324",21,1,2,3,32,1,1,12,"BP",12,3,1,"BS",1,1,1,"1",0,4,0,4,FALSE,TRUE,FALSE,TRUE,1,"Adult"
"325",21,1,2,3,32,1,1,12,"BP",12,2,0,"BP",0,0,NA,"1",0,4,0,4,FALSE,TRUE,FALSE,TRUE,0,"Adult"
"326",21,1,2,3,32,1,1,12,"BP",12,7,0,"WP",NA,1,NA,"2",0,4,0,4,FALSE,TRUE,FALSE,TRUE,1,"Adult"
"327",21,1,2,3,32,1,1,12,"BP",12,11,0,"BP",NA,0,NA,"3",0,4,0,4,FALSE,TRUE,FALSE,TRUE,0,"Adult"
"328",21,1,2,3,32,1,1,12,"BP",12,10,1,"BS",NA,1,1,"3",0,4,0,4,FALSE,TRUE,FALSE,TRUE,1,"Adult"
"329",21,1,2,3,32,1,1,12,"BP",12,16,0,"WP",NA,1,NA,"4",0,4,0,4,FALSE,TRUE,FALSE,TRUE,1,"Adult"
"330",21,1,2,3,32,1,1,12,"BP",12,15,0,"BP",NA,0,NA,"4",0,4,0,4,FALSE,TRUE,FALSE,TRUE,0,"Adult"
"331",21,1,2,3,32,1,1,12,"BP",12,9,0,"WP",NA,1,NA,"3",0,4,0,4,FALSE,TRUE,FALSE,TRUE,1,"Adult"
"332",21,1,2,3,32,1,1,12,"BP",12,8,0,"BP",NA,0,NA,"2",0,4,0,4,FALSE,TRUE,FALSE,TRUE,0,"Adult"
"333",21,1,2,3,32,1,1,12,"BP",12,12,1,"WS",NA,1,1,"3",0,4,0,4,FALSE,TRUE,FALSE,TRUE,1,"Adult"
"334",21,1,2,3,32,1,1,12,"BP",12,1,1,"WS",1,1,1,"1",0,4,0,4,FALSE,TRUE,FALSE,TRUE,1,"Adult"
"335",21,1,2,3,32,1,1,12,"BP",12,13,1,"WS",NA,1,1,"4",0,4,0,4,FALSE,TRUE,FALSE,TRUE,1,"Adult"
"336",21,1,2,3,32,1,1,12,"BP",12,14,1,"BS",NA,1,1,"4",0,4,0,4,FALSE,TRUE,FALSE,TRUE,1,"Adult"
"337",22,1,2,3,28,2,1,12,"BS",12,11,1,"WP",NA,1,1,"3",4,0,4,0,TRUE,FALSE,TRUE,FALSE,1,"Adult"
"338",22,1,2,3,28,2,1,12,"BS",12,12,0,"WS",NA,1,NA,"3",4,0,4,0,TRUE,FALSE,TRUE,FALSE,1,"Adult"
"339",22,1,2,3,28,2,1,12,"BS",12,10,0,"BS",NA,0,NA,"3",4,0,4,0,TRUE,FALSE,TRUE,FALSE,0,"Adult"
"340",22,1,2,3,28,2,1,12,"BS",12,4,1,"BP",1,1,1,"1",4,0,4,0,TRUE,FALSE,TRUE,FALSE,1,"Adult"
"341",22,1,2,3,28,2,1,12,"BS",12,16,0,"BS",NA,0,NA,"4",4,0,4,0,TRUE,FALSE,TRUE,FALSE,0,"Adult"
"342",22,1,2,3,28,2,1,12,"BS",12,7,0,"BS",NA,0,NA,"2",4,0,4,0,TRUE,FALSE,TRUE,FALSE,0,"Adult"
"343",22,1,2,3,28,2,1,12,"BS",12,13,1,"WP",NA,1,1,"4",4,0,4,0,TRUE,FALSE,TRUE,FALSE,1,"Adult"
"344",22,1,2,3,28,2,1,12,"BS",12,1,1,"WP",1,1,1,"1",4,0,4,0,TRUE,FALSE,TRUE,FALSE,1,"Adult"
"345",22,1,2,3,28,2,1,12,"BS",12,9,1,"BP",NA,1,1,"3",4,0,4,0,TRUE,FALSE,TRUE,FALSE,1,"Adult"
"346",22,1,2,3,28,2,1,12,"BS",12,15,0,"WS",NA,1,NA,"4",4,0,4,0,TRUE,FALSE,TRUE,FALSE,1,"Adult"
"347",22,1,2,3,28,2,1,12,"BS",12,5,0,"WS",NA,1,NA,"2",4,0,4,0,TRUE,FALSE,TRUE,FALSE,1,"Adult"
"348",22,1,2,3,28,2,1,12,"BS",12,2,0,"BS",0,0,NA,"1",4,0,4,0,TRUE,FALSE,TRUE,FALSE,0,"Adult"
"349",22,1,2,3,28,2,1,12,"BS",12,8,1,"BP",NA,1,1,"2",4,0,4,0,TRUE,FALSE,TRUE,FALSE,1,"Adult"
"350",22,1,2,3,28,2,1,12,"BS",12,6,1,"WP",NA,1,1,"2",4,0,4,0,TRUE,FALSE,TRUE,FALSE,1,"Adult"
"351",22,1,2,3,28,2,1,12,"BS",12,3,0,"WS",0,1,NA,"1",4,0,4,0,TRUE,FALSE,TRUE,FALSE,1,"Adult"
"352",22,1,2,3,28,2,1,12,"BS",12,14,1,"BP",NA,1,1,"4",4,0,4,0,TRUE,FALSE,TRUE,FALSE,1,"Adult"
"353",23,1,2,3,28,2,1,12,"WP",12,9,1,"BP",NA,1,1,"3",4,4,0,0,TRUE,TRUE,FALSE,FALSE,1,"Adult"
"354",23,1,2,3,28,2,1,12,"WP",12,4,0,"WS",0,1,NA,"1",4,4,0,0,TRUE,TRUE,FALSE,FALSE,1,"Adult"
"355",23,1,2,3,28,2,1,12,"WP",12,10,0,"WP",NA,0,NA,"3",4,4,0,0,TRUE,TRUE,FALSE,FALSE,0,"Adult"
"356",23,1,2,3,28,2,1,12,"WP",12,5,0,"WS",NA,1,NA,"2",4,4,0,0,TRUE,TRUE,FALSE,FALSE,1,"Adult"
"357",23,1,2,3,28,2,1,12,"WP",12,13,1,"BP",NA,1,1,"4",4,4,0,0,TRUE,TRUE,FALSE,FALSE,1,"Adult"
"358",23,1,2,3,28,2,1,12,"WP",12,11,1,"BS",NA,1,1,"3",4,4,0,0,TRUE,TRUE,FALSE,FALSE,1,"Adult"
"359",23,1,2,3,28,2,1,12,"WP",12,7,0,"WP",NA,0,NA,"2",4,4,0,0,TRUE,TRUE,FALSE,FALSE,0,"Adult"
"360",23,1,2,3,28,2,1,12,"WP",12,6,1,"BS",NA,1,1,"2",4,4,0,0,TRUE,TRUE,FALSE,FALSE,1,"Adult"
"361",23,1,2,3,28,2,1,12,"WP",12,3,1,"BP",1,1,1,"1",4,4,0,0,TRUE,TRUE,FALSE,FALSE,1,"Adult"
"362",23,1,2,3,28,2,1,12,"WP",12,12,0,"WS",NA,1,NA,"3",4,4,0,0,TRUE,TRUE,FALSE,FALSE,1,"Adult"
"363",23,1,2,3,28,2,1,12,"WP",12,8,1,"BP",NA,1,1,"2",4,4,0,0,TRUE,TRUE,FALSE,FALSE,1,"Adult"
"364",23,1,2,3,28,2,1,12,"WP",12,14,0,"WP",NA,0,NA,"4",4,4,0,0,TRUE,TRUE,FALSE,FALSE,0,"Adult"
"365",23,1,2,3,28,2,1,12,"WP",12,2,0,"WP",0,0,NA,"1",4,4,0,0,TRUE,TRUE,FALSE,FALSE,0,"Adult"
"366",23,1,2,3,28,2,1,12,"WP",12,16,0,"WS",NA,1,NA,"4",4,4,0,0,TRUE,TRUE,FALSE,FALSE,1,"Adult"
"367",23,1,2,3,28,2,1,12,"WP",12,15,1,"BS",NA,1,1,"4",4,4,0,0,TRUE,TRUE,FALSE,FALSE,1,"Adult"
"368",23,1,2,3,28,2,1,12,"WP",12,1,1,"BS",1,1,1,"1",4,4,0,0,TRUE,TRUE,FALSE,FALSE,1,"Adult"
"369",24,1,2,3,28,1,1,14,"WS",14,14,1,"BP",NA,1,1,"4",4,4,4,1,TRUE,TRUE,TRUE,TRUE,1,"Adult"
"370",24,1,2,3,28,1,1,14,"WS",14,4,1,"BS",0,1,1,"1",4,4,4,1,TRUE,TRUE,TRUE,TRUE,1,"Adult"
"371",24,1,2,3,28,1,1,14,"WS",14,11,0,"WS",NA,0,NA,"3",4,4,4,1,TRUE,TRUE,TRUE,TRUE,0,"Adult"
"372",24,1,2,3,28,1,1,14,"WS",14,16,1,"BS",NA,1,1,"4",4,4,4,1,TRUE,TRUE,TRUE,TRUE,1,"Adult"
"373",24,1,2,3,28,1,1,14,"WS",14,15,1,"WP",NA,1,1,"4",4,4,4,1,TRUE,TRUE,TRUE,TRUE,1,"Adult"
"374",24,1,2,3,28,1,1,14,"WS",14,1,1,"BP",1,1,1,"1",4,4,4,1,TRUE,TRUE,TRUE,TRUE,1,"Adult"
"375",24,1,2,3,28,1,1,14,"WS",14,10,1,"BS",NA,1,1,"3",4,4,4,1,TRUE,TRUE,TRUE,TRUE,1,"Adult"
"376",24,1,2,3,28,1,1,14,"WS",14,9,1,"WP",NA,1,1,"3",4,4,4,1,TRUE,TRUE,TRUE,TRUE,1,"Adult"
"377",24,1,2,3,28,1,1,14,"WS",14,5,1,"WP",NA,1,1,"2",4,4,4,1,TRUE,TRUE,TRUE,TRUE,1,"Adult"
"378",24,1,2,3,28,1,1,14,"WS",14,12,1,"BP",NA,1,1,"3",4,4,4,1,TRUE,TRUE,TRUE,TRUE,1,"Adult"
"379",24,1,2,3,28,1,1,14,"WS",14,8,1,"BP",NA,1,1,"2",4,4,4,1,TRUE,TRUE,TRUE,TRUE,1,"Adult"
"380",24,1,2,3,28,1,1,14,"WS",14,6,1,"WS",NA,0,0,"2",4,4,4,1,TRUE,TRUE,TRUE,TRUE,0,"Adult"
"381",24,1,2,3,28,1,1,14,"WS",14,2,0,"WS",0,0,NA,"1",4,4,4,1,TRUE,TRUE,TRUE,TRUE,0,"Adult"
"382",24,1,2,3,28,1,1,14,"WS",14,7,1,"BS",NA,1,1,"2",4,4,4,1,TRUE,TRUE,TRUE,TRUE,1,"Adult"
"383",24,1,2,3,28,1,1,14,"WS",14,13,0,"WS",NA,0,NA,"4",4,4,4,1,TRUE,TRUE,TRUE,TRUE,0,"Adult"
"384",24,1,2,3,28,1,1,14,"WS",14,3,1,"WP",1,1,1,"1",4,4,4,1,TRUE,TRUE,TRUE,TRUE,1,"Adult"
"385",25,1,2,3,23,2,1,12,"WP",12,14,0,"BP",NA,1,NA,"4",0,4,0,4,FALSE,TRUE,FALSE,TRUE,1,"Adult"
"386",25,1,2,3,23,2,1,12,"WP",12,4,0,"BP",0,1,NA,"1",0,4,0,4,FALSE,TRUE,FALSE,TRUE,1,"Adult"
"387",25,1,2,3,23,2,1,12,"WP",12,10,0,"WP",NA,0,NA,"3",0,4,0,4,FALSE,TRUE,FALSE,TRUE,0,"Adult"
"388",25,1,2,3,23,2,1,12,"WP",12,15,1,"WS",NA,1,1,"4",0,4,0,4,FALSE,TRUE,FALSE,TRUE,1,"Adult"
"389",25,1,2,3,23,2,1,12,"WP",12,11,0,"BP",NA,1,NA,"3",0,4,0,4,FALSE,TRUE,FALSE,TRUE,1,"Adult"
"390",25,1,2,3,23,2,1,12,"WP",12,9,1,"BS",NA,1,1,"3",0,4,0,4,FALSE,TRUE,FALSE,TRUE,1,"Adult"
"391",25,1,2,3,23,2,1,12,"WP",12,5,1,"WS",NA,1,1,"2",0,4,0,4,FALSE,TRUE,FALSE,TRUE,1,"Adult"
"392",25,1,2,3,23,2,1,12,"WP",12,12,1,"WS",NA,1,1,"3",0,4,0,4,FALSE,TRUE,FALSE,TRUE,1,"Adult"
"393",25,1,2,3,23,2,1,12,"WP",12,8,0,"BP",NA,1,NA,"2",0,4,0,4,FALSE,TRUE,FALSE,TRUE,1,"Adult"
"394",25,1,2,3,23,2,1,12,"WP",12,7,1,"BS",NA,1,1,"2",0,4,0,4,FALSE,TRUE,FALSE,TRUE,1,"Adult"
"395",25,1,2,3,23,2,1,12,"WP",12,16,0,"WP",NA,0,NA,"4",0,4,0,4,FALSE,TRUE,FALSE,TRUE,0,"Adult"
"396",25,1,2,3,23,2,1,12,"WP",12,2,0,"WP",0,0,NA,"1",0,4,0,4,FALSE,TRUE,FALSE,TRUE,0,"Adult"
"397",25,1,2,3,23,2,1,12,"WP",12,1,1,"BS",1,1,1,"1",0,4,0,4,FALSE,TRUE,FALSE,TRUE,1,"Adult"
"398",25,1,2,3,23,2,1,12,"WP",12,6,0,"WP",NA,0,NA,"2",0,4,0,4,FALSE,TRUE,FALSE,TRUE,0,"Adult"
"399",25,1,2,3,23,2,1,12,"WP",12,13,1,"BS",NA,1,1,"4",0,4,0,4,FALSE,TRUE,FALSE,TRUE,1,"Adult"
"400",25,1,2,3,23,2,1,12,"WP",12,3,1,"WS",0,1,1,"1",0,4,0,4,FALSE,TRUE,FALSE,TRUE,1,"Adult"
"401",26,2,1,3,49,2,1,9,"BS",9,16,1,"WP",NA,1,1,"4",4,3,4,3,TRUE,TRUE,TRUE,TRUE,1,"Adult"
"402",26,2,1,3,49,2,1,9,"BS",9,2,1,"BS",0,0,0,"1",4,3,4,3,TRUE,TRUE,TRUE,TRUE,0,"Adult"
"403",26,2,1,3,49,2,1,9,"BS",9,1,1,"WP",1,1,1,"1",4,3,4,3,TRUE,TRUE,TRUE,TRUE,1,"Adult"
"404",26,2,1,3,49,2,1,9,"BS",9,15,1,"BP",NA,1,1,"4",4,3,4,3,TRUE,TRUE,TRUE,TRUE,1,"Adult"
"405",26,2,1,3,49,2,1,9,"BS",9,3,1,"BP",0,1,1,"1",4,3,4,3,TRUE,TRUE,TRUE,TRUE,1,"Adult"
"406",26,2,1,3,49,2,1,9,"BS",9,9,NA,"BS",NA,0,NA,"3",4,3,4,3,TRUE,TRUE,TRUE,TRUE,0,"Adult"
"407",26,2,1,3,49,2,1,9,"BS",9,5,1,"BS",NA,0,0,"2",4,3,4,3,TRUE,TRUE,TRUE,TRUE,0,"Adult"
"408",26,2,1,3,49,2,1,9,"BS",9,14,1,"WS",NA,1,1,"4",4,3,4,3,TRUE,TRUE,TRUE,TRUE,1,"Adult"
"409",26,2,1,3,49,2,1,9,"BS",9,11,1,"WS",NA,1,1,"3",4,3,4,3,TRUE,TRUE,TRUE,TRUE,1,"Adult"
"410",26,2,1,3,49,2,1,9,"BS",9,10,1,"BP",NA,1,1,"3",4,3,4,3,TRUE,TRUE,TRUE,TRUE,1,"Adult"
"411",26,2,1,3,49,2,1,9,"BS",9,6,1,"BP",NA,1,1,"2",4,3,4,3,TRUE,TRUE,TRUE,TRUE,1,"Adult"
"412",26,2,1,3,49,2,1,9,"BS",9,4,1,"WS",0,1,1,"1",4,3,4,3,TRUE,TRUE,TRUE,TRUE,1,"Adult"
"413",26,2,1,3,49,2,1,9,"BS",9,12,1,"WP",NA,1,1,"3",4,3,4,3,TRUE,TRUE,TRUE,TRUE,1,"Adult"
"414",26,2,1,3,49,2,1,9,"BS",9,7,0,"WS",NA,1,NA,"2",4,3,4,3,TRUE,TRUE,TRUE,TRUE,1,"Adult"
"415",26,2,1,3,49,2,1,9,"BS",9,13,1,"BS",NA,0,0,"4",4,3,4,3,TRUE,TRUE,TRUE,TRUE,0,"Adult"
"416",26,2,1,3,49,2,1,9,"BS",9,8,1,"WP",NA,1,1,"2",4,3,4,3,TRUE,TRUE,TRUE,TRUE,1,"Adult"
"417",27,1,2,3,27,1,1,12,"BP",12,3,1,"WP",1,1,1,"1",0,0,4,4,FALSE,FALSE,TRUE,TRUE,1,"Adult"
"418",27,1,2,3,27,1,1,12,"BP",12,14,1,"WS",NA,1,1,"4",0,0,4,4,FALSE,FALSE,TRUE,TRUE,1,"Adult"
"419",27,1,2,3,27,1,1,12,"BP",12,11,0,"BS",NA,1,NA,"3",0,0,4,4,FALSE,FALSE,TRUE,TRUE,1,"Adult"
"420",27,1,2,3,27,1,1,12,"BP",12,9,1,"WP",NA,1,1,"3",0,0,4,4,FALSE,FALSE,TRUE,TRUE,1,"Adult"
"421",27,1,2,3,27,1,1,12,"BP",12,15,0,"BS",NA,1,NA,"4",0,0,4,4,FALSE,FALSE,TRUE,TRUE,1,"Adult"
"422",27,1,2,3,27,1,1,12,"BP",12,12,0,"BP",NA,0,NA,"3",0,0,4,4,FALSE,FALSE,TRUE,TRUE,0,"Adult"
"423",27,1,2,3,27,1,1,12,"BP",12,2,0,"BP",0,0,NA,"1",0,0,4,4,FALSE,FALSE,TRUE,TRUE,0,"Adult"
"424",27,1,2,3,27,1,1,12,"BP",12,8,0,"BP",NA,0,NA,"2",0,0,4,4,FALSE,FALSE,TRUE,TRUE,0,"Adult"
"425",27,1,2,3,27,1,1,12,"BP",12,16,1,"WP",NA,1,1,"4",0,0,4,4,FALSE,FALSE,TRUE,TRUE,1,"Adult"
"426",27,1,2,3,27,1,1,12,"BP",12,4,0,"BS",0,1,NA,"1",0,0,4,4,FALSE,FALSE,TRUE,TRUE,1,"Adult"
"427",27,1,2,3,27,1,1,12,"BP",12,10,1,"WS",NA,1,1,"3",0,0,4,4,FALSE,FALSE,TRUE,TRUE,1,"Adult"
"428",27,1,2,3,27,1,1,12,"BP",12,1,1,"WS",1,1,1,"1",0,0,4,4,FALSE,FALSE,TRUE,TRUE,1,"Adult"
"429",27,1,2,3,27,1,1,12,"BP",12,13,0,"BP",NA,0,NA,"4",0,0,4,4,FALSE,FALSE,TRUE,TRUE,0,"Adult"
"430",27,1,2,3,27,1,1,12,"BP",12,7,1,"WS",NA,1,1,"2",0,0,4,4,FALSE,FALSE,TRUE,TRUE,1,"Adult"
"431",27,1,2,3,27,1,1,12,"BP",12,5,0,"BS",NA,1,NA,"2",0,0,4,4,FALSE,FALSE,TRUE,TRUE,1,"Adult"
"432",27,1,2,3,27,1,1,12,"BP",12,6,1,"WP",NA,1,1,"2",0,0,4,4,FALSE,FALSE,TRUE,TRUE,1,"Adult"
"433",28,1,2,3,27,2,1,14,"WS",14,3,1,"BS",1,1,1,"1",4,4,4,1,TRUE,TRUE,TRUE,TRUE,1,"Adult"
"434",28,1,2,3,27,2,1,14,"WS",14,4,1,"WP",1,1,1,"1",4,4,4,1,TRUE,TRUE,TRUE,TRUE,1,"Adult"
"435",28,1,2,3,27,2,1,14,"WS",14,16,1,"BP",NA,1,1,"4",4,4,4,1,TRUE,TRUE,TRUE,TRUE,1,"Adult"
"436",28,1,2,3,27,2,1,14,"WS",14,5,1,"WP",NA,1,1,"2",4,4,4,1,TRUE,TRUE,TRUE,TRUE,1,"Adult"
"437",28,1,2,3,27,2,1,14,"WS",14,9,1,"BP",NA,1,1,"3",4,4,4,1,TRUE,TRUE,TRUE,TRUE,1,"Adult"
"438",28,1,2,3,27,2,1,14,"WS",14,8,1,"BS",NA,1,1,"2",4,4,4,1,TRUE,TRUE,TRUE,TRUE,1,"Adult"
"439",28,1,2,3,27,2,1,14,"WS",14,2,1,"WS",1,0,0,"1",4,4,4,1,TRUE,TRUE,TRUE,TRUE,0,"Adult"
"440",28,1,2,3,27,2,1,14,"WS",14,1,1,"BP",1,1,1,"1",4,4,4,1,TRUE,TRUE,TRUE,TRUE,1,"Adult"
"441",28,1,2,3,27,2,1,14,"WS",14,7,1,"BP",NA,1,1,"2",4,4,4,1,TRUE,TRUE,TRUE,TRUE,1,"Adult"
"442",28,1,2,3,27,2,1,14,"WS",14,6,0,"WS",NA,0,NA,"2",4,4,4,1,TRUE,TRUE,TRUE,TRUE,0,"Adult"
"443",28,1,2,3,27,2,1,14,"WS",14,10,1,"BS",NA,1,1,"3",4,4,4,1,TRUE,TRUE,TRUE,TRUE,1,"Adult"
"444",28,1,2,3,27,2,1,14,"WS",14,15,1,"WP",NA,1,1,"4",4,4,4,1,TRUE,TRUE,TRUE,TRUE,1,"Adult"
"445",28,1,2,3,27,2,1,14,"WS",14,14,1,"BS",NA,1,1,"4",4,4,4,1,TRUE,TRUE,TRUE,TRUE,1,"Adult"
"446",28,1,2,3,27,2,1,14,"WS",14,11,0,"WS",NA,0,NA,"3",4,4,4,1,TRUE,TRUE,TRUE,TRUE,0,"Adult"
"447",28,1,2,3,27,2,1,14,"WS",14,13,0,"WS",NA,0,NA,"4",4,4,4,1,TRUE,TRUE,TRUE,TRUE,0,"Adult"
"448",28,1,2,3,27,2,1,14,"WS",14,12,1,"WP",NA,1,1,"3",4,4,4,1,TRUE,TRUE,TRUE,TRUE,1,"Adult"
"449",29,1,2,3,38,1,1,12,"BS",12,4,0,"BP",0,1,NA,"1",0,0,4,4,FALSE,FALSE,TRUE,TRUE,1,"Adult"
"450",29,1,2,3,38,1,1,12,"BS",12,1,1,"WP",1,1,1,"1",0,0,4,4,FALSE,FALSE,TRUE,TRUE,1,"Adult"
"451",29,1,2,3,38,1,1,12,"BS",12,10,1,"WP",NA,1,1,"3",0,0,4,4,FALSE,FALSE,TRUE,TRUE,1,"Adult"
"452",29,1,2,3,38,1,1,12,"BS",12,9,1,"WS",NA,1,1,"3",0,0,4,4,FALSE,FALSE,TRUE,TRUE,1,"Adult"
"453",29,1,2,3,38,1,1,12,"BS",12,2,0,"BS",0,0,NA,"1",0,0,4,4,FALSE,FALSE,TRUE,TRUE,0,"Adult"
"454",29,1,2,3,38,1,1,12,"BS",12,6,0,"BS",NA,0,NA,"2",0,0,4,4,FALSE,FALSE,TRUE,TRUE,0,"Adult"
"455",29,1,2,3,38,1,1,12,"BS",12,8,0,"BP",NA,1,NA,"2",0,0,4,4,FALSE,FALSE,TRUE,TRUE,1,"Adult"
"456",29,1,2,3,38,1,1,12,"BS",12,5,1,"WS",NA,1,1,"2",0,0,4,4,FALSE,FALSE,TRUE,TRUE,1,"Adult"
"457",29,1,2,3,38,1,1,12,"BS",12,11,0,"BP",NA,1,NA,"3",0,0,4,4,FALSE,FALSE,TRUE,TRUE,1,"Adult"
"458",29,1,2,3,38,1,1,12,"BS",12,7,1,"WP",NA,1,1,"2",0,0,4,4,FALSE,FALSE,TRUE,TRUE,1,"Adult"
"459",29,1,2,3,38,1,1,12,"BS",12,16,0,"BS",NA,0,NA,"4",0,0,4,4,FALSE,FALSE,TRUE,TRUE,0,"Adult"
"460",29,1,2,3,38,1,1,12,"BS",12,14,1,"WP",NA,1,1,"4",0,0,4,4,FALSE,FALSE,TRUE,TRUE,1,"Adult"
"461",29,1,2,3,38,1,1,12,"BS",12,3,1,"WS",1,1,1,"1",0,0,4,4,FALSE,FALSE,TRUE,TRUE,1,"Adult"
"462",29,1,2,3,38,1,1,12,"BS",12,15,1,"WS",NA,1,1,"4",0,0,4,4,FALSE,FALSE,TRUE,TRUE,1,"Adult"
"463",29,1,2,3,38,1,1,12,"BS",12,12,0,"BS",NA,0,NA,"3",0,0,4,4,FALSE,FALSE,TRUE,TRUE,0,"Adult"
"464",29,1,2,3,38,1,1,12,"BS",12,13,0,"BP",NA,1,NA,"4",0,0,4,4,FALSE,FALSE,TRUE,TRUE,1,"Adult"
"465",30,1,2,3,33,2,1,12,"WS",12,10,1,"WP",NA,1,1,"3",4,0,4,0,TRUE,FALSE,TRUE,FALSE,1,"Adult"
"466",30,1,2,3,33,2,1,12,"WS",12,15,0,"WS",NA,0,NA,"4",4,0,4,0,TRUE,FALSE,TRUE,FALSE,0,"Adult"
"467",30,1,2,3,33,2,1,12,"WS",12,3,0,"BS",0,1,NA,"1",4,0,4,0,TRUE,FALSE,TRUE,FALSE,1,"Adult"
"468",30,1,2,3,33,2,1,12,"WS",12,2,0,"WS",0,0,NA,"1",4,0,4,0,TRUE,FALSE,TRUE,FALSE,0,"Adult"
"469",30,1,2,3,33,2,1,12,"WS",12,9,1,"BP",NA,1,1,"3",4,0,4,0,TRUE,FALSE,TRUE,FALSE,1,"Adult"
"470",30,1,2,3,33,2,1,12,"WS",12,13,1,"BP",NA,1,1,"4",4,0,4,0,TRUE,FALSE,TRUE,FALSE,1,"Adult"
"471",30,1,2,3,33,2,1,12,"WS",12,16,0,"BS",NA,1,NA,"4",4,0,4,0,TRUE,FALSE,TRUE,FALSE,1,"Adult"
"472",30,1,2,3,33,2,1,12,"WS",12,1,1,"BP",1,1,1,"1",4,0,4,0,TRUE,FALSE,TRUE,FALSE,1,"Adult"
"473",30,1,2,3,33,2,1,12,"WS",12,4,1,"WP",1,1,1,"1",4,0,4,0,TRUE,FALSE,TRUE,FALSE,1,"Adult"
"474",30,1,2,3,33,2,1,12,"WS",12,11,0,"BS",NA,1,NA,"3",4,0,4,0,TRUE,FALSE,TRUE,FALSE,1,"Adult"
"475",30,1,2,3,33,2,1,12,"WS",12,8,0,"WS",NA,0,NA,"2",4,0,4,0,TRUE,FALSE,TRUE,FALSE,0,"Adult"
"476",30,1,2,3,33,2,1,12,"WS",12,7,1,"BP",NA,1,1,"2",4,0,4,0,TRUE,FALSE,TRUE,FALSE,1,"Adult"
"477",30,1,2,3,33,2,1,12,"WS",12,5,0,"BS",NA,1,NA,"2",4,0,4,0,TRUE,FALSE,TRUE,FALSE,1,"Adult"
"478",30,1,2,3,33,2,1,12,"WS",12,14,1,"WP",NA,1,1,"4",4,0,4,0,TRUE,FALSE,TRUE,FALSE,1,"Adult"
"479",30,1,2,3,33,2,1,12,"WS",12,6,1,"WP",NA,1,1,"2",4,0,4,0,TRUE,FALSE,TRUE,FALSE,1,"Adult"
"480",30,1,2,3,33,2,1,12,"WS",12,12,0,"WS",NA,0,NA,"3",4,0,4,0,TRUE,FALSE,TRUE,FALSE,0,"Adult"
"481",31,1,2,3,36,1,1,12,"WP",12,4,1,"WS",1,1,1,"1",0,4,0,4,FALSE,TRUE,FALSE,TRUE,1,"Adult"
"482",31,1,2,3,36,1,1,12,"WP",12,9,0,"WP",NA,0,NA,"3",0,4,0,4,FALSE,TRUE,FALSE,TRUE,0,"Adult"
"483",31,1,2,3,36,1,1,12,"WP",12,3,0,"BP",0,1,NA,"1",0,4,0,4,FALSE,TRUE,FALSE,TRUE,1,"Adult"
"484",31,1,2,3,36,1,1,12,"WP",12,5,1,"WS",NA,1,1,"2",0,4,0,4,FALSE,TRUE,FALSE,TRUE,1,"Adult"
"485",31,1,2,3,36,1,1,12,"WP",12,1,1,"BS",1,1,1,"1",0,4,0,4,FALSE,TRUE,FALSE,TRUE,1,"Adult"
"486",31,1,2,3,36,1,1,12,"WP",12,16,0,"WP",NA,0,NA,"4",0,4,0,4,FALSE,TRUE,FALSE,TRUE,0,"Adult"
"487",31,1,2,3,36,1,1,12,"WP",12,2,0,"WP",0,0,NA,"1",0,4,0,4,FALSE,TRUE,FALSE,TRUE,0,"Adult"
"488",31,1,2,3,36,1,1,12,"WP",12,10,1,"BS",NA,1,1,"3",0,4,0,4,FALSE,TRUE,FALSE,TRUE,1,"Adult"
"489",31,1,2,3,36,1,1,12,"WP",12,6,0,"WP",NA,0,NA,"2",0,4,0,4,FALSE,TRUE,FALSE,TRUE,0,"Adult"
"490",31,1,2,3,36,1,1,12,"WP",12,14,1,"BS",NA,1,1,"4",0,4,0,4,FALSE,TRUE,FALSE,TRUE,1,"Adult"
"491",31,1,2,3,36,1,1,12,"WP",12,8,0,"BP",NA,1,NA,"2",0,4,0,4,FALSE,TRUE,FALSE,TRUE,1,"Adult"
"492",31,1,2,3,36,1,1,12,"WP",12,15,1,"WS",NA,1,1,"4",0,4,0,4,FALSE,TRUE,FALSE,TRUE,1,"Adult"
"493",31,1,2,3,36,1,1,12,"WP",12,11,0,"BP",NA,1,NA,"3",0,4,0,4,FALSE,TRUE,FALSE,TRUE,1,"Adult"
"494",31,1,2,3,36,1,1,12,"WP",12,7,1,"BS",NA,1,1,"2",0,4,0,4,FALSE,TRUE,FALSE,TRUE,1,"Adult"
"495",31,1,2,3,36,1,1,12,"WP",12,12,1,"WS",NA,1,1,"3",0,4,0,4,FALSE,TRUE,FALSE,TRUE,1,"Adult"
"496",31,1,2,3,36,1,1,12,"WP",12,13,0,"BP",NA,1,NA,"4",0,4,0,4,FALSE,TRUE,FALSE,TRUE,1,"Adult"
"497",32,1,2,3,36,2,1,12,"WS",12,4,0,"BS",0,1,NA,"1",4,0,4,0,TRUE,FALSE,TRUE,FALSE,1,"Adult"
"498",32,1,2,3,36,2,1,12,"WS",12,1,1,"BP",1,1,1,"1",4,0,4,0,TRUE,FALSE,TRUE,FALSE,1,"Adult"
"499",32,1,2,3,36,2,1,12,"WS",12,10,1,"WP",NA,1,1,"3",4,0,4,0,TRUE,FALSE,TRUE,FALSE,1,"Adult"
"500",32,1,2,3,36,2,1,12,"WS",12,9,0,"WS",NA,0,NA,"3",4,0,4,0,TRUE,FALSE,TRUE,FALSE,0,"Adult"
"501",32,1,2,3,36,2,1,12,"WS",12,2,0,"WS",0,0,NA,"1",4,0,4,0,TRUE,FALSE,TRUE,FALSE,0,"Adult"
"502",32,1,2,3,36,2,1,12,"WS",12,6,0,"BS",NA,1,NA,"2",4,0,4,0,TRUE,FALSE,TRUE,FALSE,1,"Adult"
"503",32,1,2,3,36,2,1,12,"WS",12,5,0,"WS",NA,0,NA,"2",4,0,4,0,TRUE,FALSE,TRUE,FALSE,0,"Adult"
"504",32,1,2,3,36,2,1,12,"WS",12,11,1,"BP",NA,1,1,"3",4,0,4,0,TRUE,FALSE,TRUE,FALSE,1,"Adult"
"505",32,1,2,3,36,2,1,12,"WS",12,15,0,"BS",NA,1,NA,"4",4,0,4,0,TRUE,FALSE,TRUE,FALSE,1,"Adult"
"506",32,1,2,3,36,2,1,12,"WS",12,14,1,"WP",NA,1,1,"4",4,0,4,0,TRUE,FALSE,TRUE,FALSE,1,"Adult"
"507",32,1,2,3,36,2,1,12,"WS",12,8,1,"BP",NA,1,1,"2",4,0,4,0,TRUE,FALSE,TRUE,FALSE,1,"Adult"
"508",32,1,2,3,36,2,1,12,"WS",12,3,1,"WP",1,1,1,"1",4,0,4,0,TRUE,FALSE,TRUE,FALSE,1,"Adult"
"509",32,1,2,3,36,2,1,12,"WS",12,7,1,"WP",NA,1,1,"2",4,0,4,0,TRUE,FALSE,TRUE,FALSE,1,"Adult"
"510",32,1,2,3,36,2,1,12,"WS",12,12,0,"BS",NA,1,NA,"3",4,0,4,0,TRUE,FALSE,TRUE,FALSE,1,"Adult"
"511",32,1,2,3,36,2,1,12,"WS",12,16,1,"BP",NA,1,1,"4",4,0,4,0,TRUE,FALSE,TRUE,FALSE,1,"Adult"
"512",32,1,2,3,36,2,1,12,"WS",12,13,0,"WS",NA,0,NA,"4",4,0,4,0,TRUE,FALSE,TRUE,FALSE,0,"Adult"
"513",33,1,2,3,59,1,1,12,"BP",12,10,1,"WS",NA,1,1,"3",0,0,4,4,FALSE,FALSE,TRUE,TRUE,1,"Adult"
"514",33,1,2,3,59,1,1,12,"BP",12,9,1,"WP",NA,1,1,"3",0,0,4,4,FALSE,FALSE,TRUE,TRUE,1,"Adult"
"515",33,1,2,3,59,1,1,12,"BP",12,16,0,"BP",NA,0,NA,"4",0,0,4,4,FALSE,FALSE,TRUE,TRUE,0,"Adult"
"516",33,1,2,3,59,1,1,12,"BP",12,1,1,"WS",1,1,1,"1",0,0,4,4,FALSE,FALSE,TRUE,TRUE,1,"Adult"
"517",33,1,2,3,59,1,1,12,"BP",12,13,1,"WP",NA,1,1,"4",0,0,4,4,FALSE,FALSE,TRUE,TRUE,1,"Adult"
"518",33,1,2,3,59,1,1,12,"BP",12,3,1,"WP",1,1,1,"1",0,0,4,4,FALSE,FALSE,TRUE,TRUE,1,"Adult"
"519",33,1,2,3,59,1,1,12,"BP",12,15,0,"BS",NA,1,NA,"4",0,0,4,4,FALSE,FALSE,TRUE,TRUE,1,"Adult"
"520",33,1,2,3,59,1,1,12,"BP",12,5,0,"BS",NA,1,NA,"2",0,0,4,4,FALSE,FALSE,TRUE,TRUE,1,"Adult"
"521",33,1,2,3,59,1,1,12,"BP",12,4,0,"BS",0,1,NA,"1",0,0,4,4,FALSE,FALSE,TRUE,TRUE,1,"Adult"
"522",33,1,2,3,59,1,1,12,"BP",12,2,0,"BP",0,0,NA,"1",0,0,4,4,FALSE,FALSE,TRUE,TRUE,0,"Adult"
"523",33,1,2,3,59,1,1,12,"BP",12,14,1,"WS",NA,1,1,"4",0,0,4,4,FALSE,FALSE,TRUE,TRUE,1,"Adult"
"524",33,1,2,3,59,1,1,12,"BP",12,11,0,"BS",NA,1,NA,"3",0,0,4,4,FALSE,FALSE,TRUE,TRUE,1,"Adult"
"525",33,1,2,3,59,1,1,12,"BP",12,8,1,"WS",NA,1,1,"2",0,0,4,4,FALSE,FALSE,TRUE,TRUE,1,"Adult"
"526",33,1,2,3,59,1,1,12,"BP",12,6,1,"WP",NA,1,1,"2",0,0,4,4,FALSE,FALSE,TRUE,TRUE,1,"Adult"
"527",33,1,2,3,59,1,1,12,"BP",12,12,0,"BP",NA,0,NA,"3",0,0,4,4,FALSE,FALSE,TRUE,TRUE,0,"Adult"
"528",33,1,2,3,59,1,1,12,"BP",12,7,0,"BP",NA,0,NA,"2",0,0,4,4,FALSE,FALSE,TRUE,TRUE,0,"Adult"
"529",34,1,2,3,28,1,1,10,"BS",10,4,0,"WS",0,1,NA,"1",4,1,4,0,TRUE,TRUE,TRUE,FALSE,1,"Adult"
"530",34,1,2,3,28,1,1,10,"BS",10,1,1,"WP",1,1,1,"1",4,1,4,0,TRUE,TRUE,TRUE,FALSE,1,"Adult"
"531",34,1,2,3,28,1,1,10,"BS",10,10,1,"WP",NA,1,1,"3",4,1,4,0,TRUE,TRUE,TRUE,FALSE,1,"Adult"
"532",34,1,2,3,28,1,1,10,"BS",10,9,1,"BP",NA,1,1,"3",4,1,4,0,TRUE,TRUE,TRUE,FALSE,1,"Adult"
"533",34,1,2,3,28,1,1,10,"BS",10,5,1,"WP",NA,1,1,"2",4,1,4,0,TRUE,TRUE,TRUE,FALSE,1,"Adult"
"534",34,1,2,3,28,1,1,10,"BS",10,2,1,"BS",1,0,0,"1",4,1,4,0,TRUE,TRUE,TRUE,FALSE,0,"Adult"
"535",34,1,2,3,28,1,1,10,"BS",10,14,0,"BS",NA,0,NA,"4",4,1,4,0,TRUE,TRUE,TRUE,FALSE,0,"Adult"
"536",34,1,2,3,28,1,1,10,"BS",10,3,1,"BP",1,1,1,"1",4,1,4,0,TRUE,TRUE,TRUE,FALSE,1,"Adult"
"537",34,1,2,3,28,1,1,10,"BS",10,6,0,"WS",NA,1,NA,"2",4,1,4,0,TRUE,TRUE,TRUE,FALSE,1,"Adult"
"538",34,1,2,3,28,1,1,10,"BS",10,11,0,"WS",NA,1,NA,"3",4,1,4,0,TRUE,TRUE,TRUE,FALSE,1,"Adult"
"539",34,1,2,3,28,1,1,10,"BS",10,16,1,"WP",NA,1,1,"4",4,1,4,0,TRUE,TRUE,TRUE,FALSE,1,"Adult"
"540",34,1,2,3,28,1,1,10,"BS",10,15,0,"WS",NA,1,NA,"4",4,1,4,0,TRUE,TRUE,TRUE,FALSE,1,"Adult"
"541",34,1,2,3,28,1,1,10,"BS",10,12,0,"BS",NA,0,NA,"3",4,1,4,0,TRUE,TRUE,TRUE,FALSE,0,"Adult"
"542",34,1,2,3,28,1,1,10,"BS",10,7,1,"BP",NA,1,1,"2",4,1,4,0,TRUE,TRUE,TRUE,FALSE,1,"Adult"
"543",34,1,2,3,28,1,1,10,"BS",10,13,1,"BP",NA,1,1,"4",4,1,4,0,TRUE,TRUE,TRUE,FALSE,1,"Adult"
"544",34,1,2,3,28,1,1,10,"BS",10,8,0,"BS",NA,0,NA,"2",4,1,4,0,TRUE,TRUE,TRUE,FALSE,0,"Adult"
"545",35,1,2,3,72,1,1,10,"WP",10,9,0,"BP",NA,1,NA,"3",0,4,1,4,FALSE,TRUE,TRUE,TRUE,1,"Adult"
"546",35,1,2,3,72,1,1,10,"WP",10,4,0,"BP",0,1,NA,"1",0,4,1,4,FALSE,TRUE,TRUE,TRUE,1,"Adult"
"547",35,1,2,3,72,1,1,10,"WP",10,1,1,"BS",1,1,1,"1",0,4,1,4,FALSE,TRUE,TRUE,TRUE,1,"Adult"
"548",35,1,2,3,72,1,1,10,"WP",10,10,1,"BS",NA,1,1,"3",0,4,1,4,FALSE,TRUE,TRUE,TRUE,1,"Adult"
"549",35,1,2,3,72,1,1,10,"WP",10,15,0,"BP",NA,1,NA,"4",0,4,1,4,FALSE,TRUE,TRUE,TRUE,1,"Adult"
"550",35,1,2,3,72,1,1,10,"WP",10,5,0,"BP",NA,1,NA,"2",0,4,1,4,FALSE,TRUE,TRUE,TRUE,1,"Adult"
"551",35,1,2,3,72,1,1,10,"WP",10,11,0,"WP",NA,0,NA,"3",0,4,1,4,FALSE,TRUE,TRUE,TRUE,0,"Adult"
"552",35,1,2,3,72,1,1,10,"WP",10,2,1,"WP",0,0,0,"1",0,4,1,4,FALSE,TRUE,TRUE,TRUE,0,"Adult"
"553",35,1,2,3,72,1,1,10,"WP",10,14,1,"WS",NA,1,1,"4",0,4,1,4,FALSE,TRUE,TRUE,TRUE,1,"Adult"
"554",35,1,2,3,72,1,1,10,"WP",10,8,0,"WP",NA,0,NA,"2",0,4,1,4,FALSE,TRUE,TRUE,TRUE,0,"Adult"
"555",35,1,2,3,72,1,1,10,"WP",10,3,1,"WS",1,1,1,"1",0,4,1,4,FALSE,TRUE,TRUE,TRUE,1,"Adult"
"556",35,1,2,3,72,1,1,10,"WP",10,16,1,"BS",NA,1,1,"4",0,4,1,4,FALSE,TRUE,TRUE,TRUE,1,"Adult"
"557",35,1,2,3,72,1,1,10,"WP",10,6,1,"BS",NA,1,1,"2",0,4,1,4,FALSE,TRUE,TRUE,TRUE,1,"Adult"
"558",35,1,2,3,72,1,1,10,"WP",10,13,0,"WP",NA,0,NA,"4",0,4,1,4,FALSE,TRUE,TRUE,TRUE,0,"Adult"
"559",35,1,2,3,72,1,1,10,"WP",10,12,1,"WS",NA,1,1,"3",0,4,1,4,FALSE,TRUE,TRUE,TRUE,1,"Adult"
"560",35,1,2,3,72,1,1,10,"WP",10,7,1,"WS",NA,1,1,"2",0,4,1,4,FALSE,TRUE,TRUE,TRUE,1,"Adult"
"561",36,1,2,3,31,1,2,12,"WP",12,9,0,"WP",NA,0,NA,"3",0,4,0,4,FALSE,TRUE,FALSE,TRUE,0,"Adult"
"562",36,1,2,3,31,1,2,12,"WP",12,10,1,"BS",NA,1,1,"3",0,4,0,4,FALSE,TRUE,FALSE,TRUE,1,"Adult"
"563",36,1,2,3,31,1,2,12,"WP",12,5,0,"WP",NA,0,NA,"2",0,4,0,4,FALSE,TRUE,FALSE,TRUE,0,"Adult"
"564",36,1,2,3,31,1,2,12,"WP",12,13,1,"BS",NA,1,1,"4",0,4,0,4,FALSE,TRUE,FALSE,TRUE,1,"Adult"
"565",36,1,2,3,31,1,2,12,"WP",12,3,1,"WS",1,1,1,"1",0,4,0,4,FALSE,TRUE,FALSE,TRUE,1,"Adult"
"566",36,1,2,3,31,1,2,12,"WP",12,2,0,"WP",0,0,NA,"1",0,4,0,4,FALSE,TRUE,FALSE,TRUE,0,"Adult"
"567",36,1,2,3,31,1,2,12,"WP",12,14,1,"WS",NA,1,1,"4",0,4,0,4,FALSE,TRUE,FALSE,TRUE,1,"Adult"
"568",36,1,2,3,31,1,2,12,"WP",12,4,0,"BP",0,1,NA,"1",0,4,0,4,FALSE,TRUE,FALSE,TRUE,1,"Adult"
"569",36,1,2,3,31,1,2,12,"WP",12,16,0,"BP",NA,1,NA,"4",0,4,0,4,FALSE,TRUE,FALSE,TRUE,1,"Adult"
"570",36,1,2,3,31,1,2,12,"WP",12,6,0,"BP",NA,1,NA,"2",0,4,0,4,FALSE,TRUE,FALSE,TRUE,1,"Adult"
"571",36,1,2,3,31,1,2,12,"WP",12,1,1,"BS",1,1,1,"1",0,4,0,4,FALSE,TRUE,FALSE,TRUE,1,"Adult"
"572",36,1,2,3,31,1,2,12,"WP",12,8,1,"WS",NA,1,1,"2",0,4,0,4,FALSE,TRUE,FALSE,TRUE,1,"Adult"
"573",36,1,2,3,31,1,2,12,"WP",12,15,0,"WP",NA,0,NA,"4",0,4,0,4,FALSE,TRUE,FALSE,TRUE,0,"Adult"
"574",36,1,2,3,31,1,2,12,"WP",12,11,0,"BP",NA,1,NA,"3",0,4,0,4,FALSE,TRUE,FALSE,TRUE,1,"Adult"
"575",36,1,2,3,31,1,2,12,"WP",12,7,1,"BS",NA,1,1,"2",0,4,0,4,FALSE,TRUE,FALSE,TRUE,1,"Adult"
"576",36,1,2,3,31,1,2,12,"WP",12,12,1,"WS",NA,1,1,"3",0,4,0,4,FALSE,TRUE,FALSE,TRUE,1,"Adult"
"577",37,1,2,3,34,1,1,12,"BP",12,4,0,"WP",0,1,NA,"1",0,4,0,4,FALSE,TRUE,FALSE,TRUE,1,"Adult"
"578",37,1,2,3,34,1,1,12,"BP",12,1,1,"WS",1,1,1,"1",0,4,0,4,FALSE,TRUE,FALSE,TRUE,1,"Adult"
"579",37,1,2,3,34,1,1,12,"BP",12,10,0,"WP",NA,1,NA,"3",0,4,0,4,FALSE,TRUE,FALSE,TRUE,1,"Adult"
"580",37,1,2,3,34,1,1,12,"BP",12,5,0,"WP",NA,1,NA,"2",0,4,0,4,FALSE,TRUE,FALSE,TRUE,1,"Adult"
"581",37,1,2,3,34,1,1,12,"BP",12,2,0,"BP",0,0,NA,"1",0,4,0,4,FALSE,TRUE,FALSE,TRUE,0,"Adult"
"582",37,1,2,3,34,1,1,12,"BP",12,9,1,"WS",NA,1,1,"3",0,4,0,4,FALSE,TRUE,FALSE,TRUE,1,"Adult"
"583",37,1,2,3,34,1,1,12,"BP",12,3,1,"BS",1,1,1,"1",0,4,0,4,FALSE,TRUE,FALSE,TRUE,1,"Adult"
"584",37,1,2,3,34,1,1,12,"BP",12,11,0,"BP",NA,0,NA,"3",0,4,0,4,FALSE,TRUE,FALSE,TRUE,0,"Adult"
"585",37,1,2,3,34,1,1,12,"BP",12,6,0,"BP",NA,0,NA,"2",0,4,0,4,FALSE,TRUE,FALSE,TRUE,0,"Adult"
"586",37,1,2,3,34,1,1,12,"BP",12,7,1,"WS",NA,1,1,"2",0,4,0,4,FALSE,TRUE,FALSE,TRUE,1,"Adult"
"587",37,1,2,3,34,1,1,12,"BP",12,15,1,"WS",NA,1,1,"4",0,4,0,4,FALSE,TRUE,FALSE,TRUE,1,"Adult"
"588",37,1,2,3,34,1,1,12,"BP",12,14,0,"BP",NA,0,NA,"4",0,4,0,4,FALSE,TRUE,FALSE,TRUE,0,"Adult"
"589",37,1,2,3,34,1,1,12,"BP",12,8,1,"BS",NA,1,1,"2",0,4,0,4,FALSE,TRUE,FALSE,TRUE,1,"Adult"
"590",37,1,2,3,34,1,1,12,"BP",12,12,1,"BS",NA,1,1,"3",0,4,0,4,FALSE,TRUE,FALSE,TRUE,1,"Adult"
"591",37,1,2,3,34,1,1,12,"BP",12,16,1,"BS",NA,1,1,"4",0,4,0,4,FALSE,TRUE,FALSE,TRUE,1,"Adult"
"592",37,1,2,3,34,1,1,12,"BP",12,13,0,"WP",NA,1,NA,"4",0,4,0,4,FALSE,TRUE,FALSE,TRUE,1,"Adult"
"593",38,1,2,3,29,1,1,12,"BS",12,9,0,"WS",NA,1,NA,"3",4,0,4,0,TRUE,FALSE,TRUE,FALSE,1,"Adult"
"594",38,1,2,3,29,1,1,12,"BS",12,1,1,"WP",1,1,1,"1",4,0,4,0,TRUE,FALSE,TRUE,FALSE,1,"Adult"
"595",38,1,2,3,29,1,1,12,"BS",12,15,0,"WS",NA,1,NA,"4",4,0,4,0,TRUE,FALSE,TRUE,FALSE,1,"Adult"
"596",38,1,2,3,29,1,1,12,"BS",12,2,0,"BS",0,0,NA,"1",4,0,4,0,TRUE,FALSE,TRUE,FALSE,0,"Adult"
"597",38,1,2,3,29,1,1,12,"BS",12,14,1,"BP",NA,1,1,"4",4,0,4,0,TRUE,FALSE,TRUE,FALSE,1,"Adult"
"598",38,1,2,3,29,1,1,12,"BS",12,3,1,"BP",1,1,1,"1",4,0,4,0,TRUE,FALSE,TRUE,FALSE,1,"Adult"
"599",38,1,2,3,29,1,1,12,"BS",12,16,0,"BS",NA,0,NA,"4",4,0,4,0,TRUE,FALSE,TRUE,FALSE,0,"Adult"
"600",38,1,2,3,29,1,1,12,"BS",12,6,1,"BP",NA,1,1,"2",4,0,4,0,TRUE,FALSE,TRUE,FALSE,1,"Adult"
"601",38,1,2,3,29,1,1,12,"BS",12,4,0,"WS",0,1,NA,"1",4,0,4,0,TRUE,FALSE,TRUE,FALSE,1,"Adult"
"602",38,1,2,3,29,1,1,12,"BS",12,13,1,"WP",NA,1,1,"4",4,0,4,0,TRUE,FALSE,TRUE,FALSE,1,"Adult"
"603",38,1,2,3,29,1,1,12,"BS",12,8,0,"WS",NA,1,NA,"2",4,0,4,0,TRUE,FALSE,TRUE,FALSE,1,"Adult"
"604",38,1,2,3,29,1,1,12,"BS",12,7,1,"WP",NA,1,1,"2",4,0,4,0,TRUE,FALSE,TRUE,FALSE,1,"Adult"
"605",38,1,2,3,29,1,1,12,"BS",12,5,0,"BS",NA,0,NA,"2",4,0,4,0,TRUE,FALSE,TRUE,FALSE,0,"Adult"
"606",38,1,2,3,29,1,1,12,"BS",12,10,1,"WP",NA,1,1,"3",4,0,4,0,TRUE,FALSE,TRUE,FALSE,1,"Adult"
"607",38,1,2,3,29,1,1,12,"BS",12,12,1,"BP",NA,1,1,"3",4,0,4,0,TRUE,FALSE,TRUE,FALSE,1,"Adult"
"608",38,1,2,3,29,1,1,12,"BS",12,11,0,"BS",NA,0,NA,"3",4,0,4,0,TRUE,FALSE,TRUE,FALSE,0,"Adult"
"609",39,1,2,3,33,2,1,11,"BP",11,3,1,"BS",1,1,1,"1",0,4,0,3,FALSE,TRUE,FALSE,TRUE,1,"Adult"
"610",39,1,2,3,33,2,1,11,"BP",11,5,1,"WS",NA,1,1,"2",0,4,0,3,FALSE,TRUE,FALSE,TRUE,1,"Adult"
"611",39,1,2,3,33,2,1,11,"BP",11,4,0,"WP",0,1,NA,"1",0,4,0,3,FALSE,TRUE,FALSE,TRUE,1,"Adult"
"612",39,1,2,3,33,2,1,11,"BP",11,9,1,"WS",NA,1,1,"3",0,4,0,3,FALSE,TRUE,FALSE,TRUE,1,"Adult"
"613",39,1,2,3,33,2,1,11,"BP",11,2,0,"BP",0,0,NA,"1",0,4,0,3,FALSE,TRUE,FALSE,TRUE,0,"Adult"
"614",39,1,2,3,33,2,1,11,"BP",11,14,1,"WS",NA,1,1,"4",0,4,0,3,FALSE,TRUE,FALSE,TRUE,1,"Adult"
"615",39,1,2,3,33,2,1,11,"BP",11,1,0,"WS",1,1,NA,"1",0,4,0,3,FALSE,TRUE,FALSE,TRUE,1,"Adult"
"616",39,1,2,3,33,2,1,11,"BP",11,15,1,"BS",NA,1,1,"4",0,4,0,3,FALSE,TRUE,FALSE,TRUE,1,"Adult"
"617",39,1,2,3,33,2,1,11,"BP",11,8,0,"BP",NA,0,NA,"2",0,4,0,3,FALSE,TRUE,FALSE,TRUE,0,"Adult"
"618",39,1,2,3,33,2,1,11,"BP",11,6,0,"WP",NA,1,NA,"2",0,4,0,3,FALSE,TRUE,FALSE,TRUE,1,"Adult"
"619",39,1,2,3,33,2,1,11,"BP",11,10,0,"WP",NA,1,NA,"3",0,4,0,3,FALSE,TRUE,FALSE,TRUE,1,"Adult"
"620",39,1,2,3,33,2,1,11,"BP",11,16,0,"WP",NA,1,NA,"4",0,4,0,3,FALSE,TRUE,FALSE,TRUE,1,"Adult"
"621",39,1,2,3,33,2,1,11,"BP",11,7,1,"BS",NA,1,1,"2",0,4,0,3,FALSE,TRUE,FALSE,TRUE,1,"Adult"
"622",39,1,2,3,33,2,1,11,"BP",11,11,0,"BP",NA,0,NA,"3",0,4,0,3,FALSE,TRUE,FALSE,TRUE,0,"Adult"
"623",39,1,2,3,33,2,1,11,"BP",11,13,0,"BP",NA,0,NA,"4",0,4,0,3,FALSE,TRUE,FALSE,TRUE,0,"Adult"
"624",39,1,2,3,33,2,1,11,"BP",11,12,1,"BS",NA,1,1,"3",0,4,0,3,FALSE,TRUE,FALSE,TRUE,1,"Adult"
"625",40,1,2,3,25,1,1,7,"WS",7,5,0,"WP",NA,1,NA,"2",4,3,0,2,TRUE,TRUE,FALSE,TRUE,1,"Adult"
"626",40,1,2,3,25,1,1,7,"WS",7,4,0,"WP",0,1,NA,"1",4,3,0,2,TRUE,TRUE,FALSE,TRUE,1,"Adult"
"627",40,1,2,3,25,1,1,7,"WS",7,9,1,"WS",NA,0,0,"3",4,3,0,2,TRUE,TRUE,FALSE,TRUE,0,"Adult"
"628",40,1,2,3,25,1,1,7,"WS",7,1,1,"BP",1,1,1,"1",4,3,0,2,TRUE,TRUE,FALSE,TRUE,1,"Adult"
"629",40,1,2,3,25,1,1,7,"WS",7,6,1,"WS",NA,0,0,"2",4,3,0,2,TRUE,TRUE,FALSE,TRUE,0,"Adult"
"630",40,1,2,3,25,1,1,7,"WS",7,14,0,"BS",NA,1,NA,"4",4,3,0,2,TRUE,TRUE,FALSE,TRUE,1,"Adult"
"631",40,1,2,3,25,1,1,7,"WS",7,7,1,"BP",NA,1,1,"2",4,3,0,2,TRUE,TRUE,FALSE,TRUE,1,"Adult"
"632",40,1,2,3,25,1,1,7,"WS",7,10,0,"WP",NA,1,NA,"3",4,3,0,2,TRUE,TRUE,FALSE,TRUE,1,"Adult"
"633",40,1,2,3,25,1,1,7,"WS",7,15,0,"WS",NA,0,NA,"4",4,3,0,2,TRUE,TRUE,FALSE,TRUE,0,"Adult"
"634",40,1,2,3,25,1,1,7,"WS",7,8,1,"BS",NA,1,1,"2",4,3,0,2,TRUE,TRUE,FALSE,TRUE,1,"Adult"
"635",40,1,2,3,25,1,1,7,"WS",7,11,1,"BS",NA,1,1,"3",4,3,0,2,TRUE,TRUE,FALSE,TRUE,1,"Adult"
"636",40,1,2,3,25,1,1,7,"WS",7,2,0,"WS",0,0,NA,"1",4,3,0,2,TRUE,TRUE,FALSE,TRUE,0,"Adult"
"637",40,1,2,3,25,1,1,7,"WS",7,12,1,"BP",NA,1,1,"3",4,3,0,2,TRUE,TRUE,FALSE,TRUE,1,"Adult"
"638",40,1,2,3,25,1,1,7,"WS",7,16,1,"BP",NA,1,1,"4",4,3,0,2,TRUE,TRUE,FALSE,TRUE,1,"Adult"
"639",40,1,2,3,25,1,1,7,"WS",7,13,0,"WP",NA,1,NA,"4",4,3,0,2,TRUE,TRUE,FALSE,TRUE,1,"Adult"
"640",40,1,2,3,25,1,1,7,"WS",7,3,1,"BS",1,1,1,"1",4,3,0,2,TRUE,TRUE,FALSE,TRUE,1,"Adult"
"641",41,1,2,3,30,1,1,12,"WP",12,9,0,"WS",NA,1,NA,"3",4,4,0,0,TRUE,TRUE,FALSE,FALSE,1,"Adult"
"642",41,1,2,3,30,1,1,12,"WP",12,15,0,"WS",NA,1,NA,"4",4,4,0,0,TRUE,TRUE,FALSE,FALSE,1,"Adult"
"643",41,1,2,3,30,1,1,12,"WP",12,14,1,"BP",NA,1,1,"4",4,4,0,0,TRUE,TRUE,FALSE,FALSE,1,"Adult"
"644",41,1,2,3,30,1,1,12,"WP",12,16,0,"WP",NA,0,NA,"4",4,4,0,0,TRUE,TRUE,FALSE,FALSE,0,"Adult"
"645",41,1,2,3,30,1,1,12,"WP",12,1,1,"BS",1,1,1,"1",4,4,0,0,TRUE,TRUE,FALSE,FALSE,1,"Adult"
"646",41,1,2,3,30,1,1,12,"WP",12,3,1,"BP",1,1,1,"1",4,4,0,0,TRUE,TRUE,FALSE,FALSE,1,"Adult"
"647",41,1,2,3,30,1,1,12,"WP",12,2,0,"WP",0,0,NA,"1",4,4,0,0,TRUE,TRUE,FALSE,FALSE,0,"Adult"
"648",41,1,2,3,30,1,1,12,"WP",12,5,0,"WP",NA,0,NA,"2",4,4,0,0,TRUE,TRUE,FALSE,FALSE,0,"Adult"
"649",41,1,2,3,30,1,1,12,"WP",12,4,0,"WS",0,1,NA,"1",4,4,0,0,TRUE,TRUE,FALSE,FALSE,1,"Adult"
"650",41,1,2,3,30,1,1,12,"WP",12,12,1,"BP",NA,1,1,"3",4,4,0,0,TRUE,TRUE,FALSE,FALSE,1,"Adult"
"651",41,1,2,3,30,1,1,12,"WP",12,8,1,"BS",NA,1,1,"2",4,4,0,0,TRUE,TRUE,FALSE,FALSE,1,"Adult"
"652",41,1,2,3,30,1,1,12,"WP",12,6,0,"WS",NA,1,NA,"2",4,4,0,0,TRUE,TRUE,FALSE,FALSE,1,"Adult"
"653",41,1,2,3,30,1,1,12,"WP",12,10,1,"BS",NA,1,1,"3",4,4,0,0,TRUE,TRUE,FALSE,FALSE,1,"Adult"
"654",41,1,2,3,30,1,1,12,"WP",12,13,1,"BS",NA,1,1,"4",4,4,0,0,TRUE,TRUE,FALSE,FALSE,1,"Adult"
"655",41,1,2,3,30,1,1,12,"WP",12,7,1,"BP",NA,1,1,"2",4,4,0,0,TRUE,TRUE,FALSE,FALSE,1,"Adult"
"656",41,1,2,3,30,1,1,12,"WP",12,11,0,"WP",NA,0,NA,"3",4,4,0,0,TRUE,TRUE,FALSE,FALSE,0,"Adult"
"657",42,1,2,3,38,2,1,10,"BP",10,3,1,"WP",1,1,1,"1",1,0,4,4,TRUE,FALSE,TRUE,TRUE,1,"Adult"
"658",42,1,2,3,38,2,1,10,"BP",10,4,0,"BS",0,1,NA,"1",1,0,4,4,TRUE,FALSE,TRUE,TRUE,1,"Adult"
"659",42,1,2,3,38,2,1,10,"BP",10,9,0,"BS",NA,1,NA,"3",1,0,4,4,TRUE,FALSE,TRUE,TRUE,1,"Adult"
"660",42,1,2,3,38,2,1,10,"BP",10,2,0,"BP",0,0,NA,"1",1,0,4,4,TRUE,FALSE,TRUE,TRUE,0,"Adult"
"661",42,1,2,3,38,2,1,10,"BP",10,5,0,"BS",NA,1,NA,"2",1,0,4,4,TRUE,FALSE,TRUE,TRUE,1,"Adult"
"662",42,1,2,3,38,2,1,10,"BP",10,10,1,"WP",NA,1,1,"3",1,0,4,4,TRUE,FALSE,TRUE,TRUE,1,"Adult"
"663",42,1,2,3,38,2,1,10,"BP",10,1,1,"WS",0,1,1,"1",1,0,4,4,TRUE,FALSE,TRUE,TRUE,1,"Adult"
"664",42,1,2,3,38,2,1,10,"BP",10,8,1,"WP",NA,1,1,"2",1,0,4,4,TRUE,FALSE,TRUE,TRUE,1,"Adult"
"665",42,1,2,3,38,2,1,10,"BP",10,6,1,"BP",NA,0,0,"2",1,0,4,4,TRUE,FALSE,TRUE,TRUE,0,"Adult"
"666",42,1,2,3,38,2,1,10,"BP",10,14,0,"BS",NA,1,NA,"4",1,0,4,4,TRUE,FALSE,TRUE,TRUE,1,"Adult"
"667",42,1,2,3,38,2,1,10,"BP",10,15,1,"WP",NA,1,1,"4",1,0,4,4,TRUE,FALSE,TRUE,TRUE,1,"Adult"
"668",42,1,2,3,38,2,1,10,"BP",10,7,1,"WS",NA,1,1,"2",1,0,4,4,TRUE,FALSE,TRUE,TRUE,1,"Adult"
"669",42,1,2,3,38,2,1,10,"BP",10,11,1,"WS",NA,1,1,"3",1,0,4,4,TRUE,FALSE,TRUE,TRUE,1,"Adult"
"670",42,1,2,3,38,2,1,10,"BP",10,16,1,"WS",NA,1,1,"4",1,0,4,4,TRUE,FALSE,TRUE,TRUE,1,"Adult"
"671",42,1,2,3,38,2,1,10,"BP",10,13,0,"BP",NA,0,NA,"4",1,0,4,4,TRUE,FALSE,TRUE,TRUE,0,"Adult"
"672",42,1,2,3,38,2,1,10,"BP",10,12,0,"BP",NA,0,NA,"3",1,0,4,4,TRUE,FALSE,TRUE,TRUE,0,"Adult"
"673",43,1,2,3,25,2,1,14,"BS",14,9,0,"BS",NA,0,NA,"3",4,1,4,4,TRUE,TRUE,TRUE,TRUE,0,"Adult"
"674",43,1,2,3,25,2,1,14,"BS",14,1,1,"WP",1,1,1,"1",4,1,4,4,TRUE,TRUE,TRUE,TRUE,1,"Adult"
"675",43,1,2,3,25,2,1,14,"BS",14,4,1,"BP",1,1,1,"1",4,1,4,4,TRUE,TRUE,TRUE,TRUE,1,"Adult"
"676",43,1,2,3,25,2,1,14,"BS",14,15,1,"WS",NA,1,1,"4",4,1,4,4,TRUE,TRUE,TRUE,TRUE,1,"Adult"
"677",43,1,2,3,25,2,1,14,"BS",14,5,0,"BS",NA,0,NA,"2",4,1,4,4,TRUE,TRUE,TRUE,TRUE,0,"Adult"
"678",43,1,2,3,25,2,1,14,"BS",14,8,1,"WP",NA,1,1,"2",4,1,4,4,TRUE,TRUE,TRUE,TRUE,1,"Adult"
"679",43,1,2,3,25,2,1,14,"BS",14,10,1,"WP",NA,1,1,"3",4,1,4,4,TRUE,TRUE,TRUE,TRUE,1,"Adult"
"680",43,1,2,3,25,2,1,14,"BS",14,2,1,"BS",1,0,0,"1",4,1,4,4,TRUE,TRUE,TRUE,TRUE,0,"Adult"
"681",43,1,2,3,25,2,1,14,"BS",14,14,1,"WP",NA,1,1,"4",4,1,4,4,TRUE,TRUE,TRUE,TRUE,1,"Adult"
"682",43,1,2,3,25,2,1,14,"BS",14,7,1,"WS",NA,1,1,"2",4,1,4,4,TRUE,TRUE,TRUE,TRUE,1,"Adult"
"683",43,1,2,3,25,2,1,14,"BS",14,11,1,"BP",NA,1,1,"3",4,1,4,4,TRUE,TRUE,TRUE,TRUE,1,"Adult"
"684",43,1,2,3,25,2,1,14,"BS",14,6,1,"BP",NA,1,1,"2",4,1,4,4,TRUE,TRUE,TRUE,TRUE,1,"Adult"
"685",43,1,2,3,25,2,1,14,"BS",14,13,1,"BP",NA,1,1,"4",4,1,4,4,TRUE,TRUE,TRUE,TRUE,1,"Adult"
"686",43,1,2,3,25,2,1,14,"BS",14,3,1,"WS",1,1,1,"1",4,1,4,4,TRUE,TRUE,TRUE,TRUE,1,"Adult"
"687",43,1,2,3,25,2,1,14,"BS",14,16,0,"BS",NA,0,NA,"4",4,1,4,4,TRUE,TRUE,TRUE,TRUE,0,"Adult"
"688",43,1,2,3,25,2,1,14,"BS",14,12,1,"WS",NA,1,1,"3",4,1,4,4,TRUE,TRUE,TRUE,TRUE,1,"Adult"
"689",44,1,2,3,34,1,1,10,"WS",10,9,0,"WS",NA,0,NA,"3",2,4,0,0,TRUE,TRUE,FALSE,FALSE,0,"Adult"
"690",44,1,2,3,34,1,1,10,"WS",10,1,1,"BP",1,1,1,"1",2,4,0,0,TRUE,TRUE,FALSE,FALSE,1,"Adult"
"691",44,1,2,3,34,1,1,10,"WS",10,15,0,"WP",NA,1,NA,"4",2,4,0,0,TRUE,TRUE,FALSE,FALSE,1,"Adult"
"692",44,1,2,3,34,1,1,10,"WS",10,5,1,"BP",NA,1,1,"2",2,4,0,0,TRUE,TRUE,FALSE,FALSE,1,"Adult"
"693",44,1,2,3,34,1,1,10,"WS",10,3,0,"WP",0,1,NA,"1",2,4,0,0,TRUE,TRUE,FALSE,FALSE,1,"Adult"
"694",44,1,2,3,34,1,1,10,"WS",10,2,0,"WS",0,0,NA,"1",2,4,0,0,TRUE,TRUE,FALSE,FALSE,0,"Adult"
"695",44,1,2,3,34,1,1,10,"WS",10,14,1,"BS",NA,1,1,"4",2,4,0,0,TRUE,TRUE,FALSE,FALSE,1,"Adult"
"696",44,1,2,3,34,1,1,10,"WS",10,4,1,"BS",1,1,1,"1",2,4,0,0,TRUE,TRUE,FALSE,FALSE,1,"Adult"
"697",44,1,2,3,34,1,1,10,"WS",10,12,0,"WP",NA,1,NA,"3",2,4,0,0,TRUE,TRUE,FALSE,FALSE,1,"Adult"
"698",44,1,2,3,34,1,1,10,"WS",10,16,0,"BP",NA,1,NA,"4",2,4,0,0,TRUE,TRUE,FALSE,FALSE,1,"Adult"
"699",44,1,2,3,34,1,1,10,"WS",10,6,1,"BS",NA,1,1,"2",2,4,0,0,TRUE,TRUE,FALSE,FALSE,1,"Adult"
"700",44,1,2,3,34,1,1,10,"WS",10,10,1,"BS",NA,1,1,"3",2,4,0,0,TRUE,TRUE,FALSE,FALSE,1,"Adult"
"701",44,1,2,3,34,1,1,10,"WS",10,13,0,"WS",NA,0,NA,"4",2,4,0,0,TRUE,TRUE,FALSE,FALSE,0,"Adult"
"702",44,1,2,3,34,1,1,10,"WS",10,8,0,"WP",NA,1,NA,"2",2,4,0,0,TRUE,TRUE,FALSE,FALSE,1,"Adult"
"703",44,1,2,3,34,1,1,10,"WS",10,7,0,"WS",NA,0,NA,"2",2,4,0,0,TRUE,TRUE,FALSE,FALSE,0,"Adult"
"704",44,1,2,3,34,1,1,10,"WS",10,11,0,"BP",NA,1,NA,"3",2,4,0,0,TRUE,TRUE,FALSE,FALSE,1,"Adult"
"705",45,1,2,3,25,2,1,10,"WP",10,3,1,"WS",1,1,1,"1",0,4,1,4,FALSE,TRUE,TRUE,TRUE,1,"Adult"
"706",45,1,2,3,25,2,1,10,"WP",10,2,1,"WP",1,0,0,"1",0,4,1,4,FALSE,TRUE,TRUE,TRUE,0,"Adult"
"707",45,1,2,3,25,2,1,10,"WP",10,8,0,"WP",NA,0,NA,"2",0,4,1,4,FALSE,TRUE,TRUE,TRUE,0,"Adult"
"708",45,1,2,3,25,2,1,10,"WP",10,6,1,"BS",NA,1,1,"2",0,4,1,4,FALSE,TRUE,TRUE,TRUE,1,"Adult"
"709",45,1,2,3,25,2,1,10,"WP",10,14,0,"WP",NA,0,NA,"4",0,4,1,4,FALSE,TRUE,TRUE,TRUE,0,"Adult"
"710",45,1,2,3,25,2,1,10,"WP",10,10,1,"BS",NA,1,1,"3",0,4,1,4,FALSE,TRUE,TRUE,TRUE,1,"Adult"
"711",45,1,2,3,25,2,1,10,"WP",10,1,1,"BS",1,1,1,"1",0,4,1,4,FALSE,TRUE,TRUE,TRUE,1,"Adult"
"712",45,1,2,3,25,2,1,10,"WP",10,7,1,"WS",NA,1,1,"2",0,4,1,4,FALSE,TRUE,TRUE,TRUE,1,"Adult"
"713",45,1,2,3,25,2,1,10,"WP",10,11,0,"BP",NA,1,NA,"3",0,4,1,4,FALSE,TRUE,TRUE,TRUE,1,"Adult"
"714",45,1,2,3,25,2,1,10,"WP",10,16,0,"BP",NA,1,NA,"4",0,4,1,4,FALSE,TRUE,TRUE,TRUE,1,"Adult"
"715",45,1,2,3,25,2,1,10,"WP",10,9,1,"WS",NA,1,1,"3",0,4,1,4,FALSE,TRUE,TRUE,TRUE,1,"Adult"
"716",45,1,2,3,25,2,1,10,"WP",10,13,1,"BS",NA,1,1,"4",0,4,1,4,FALSE,TRUE,TRUE,TRUE,1,"Adult"
"717",45,1,2,3,25,2,1,10,"WP",10,12,0,"WP",NA,0,NA,"3",0,4,1,4,FALSE,TRUE,TRUE,TRUE,0,"Adult"
"718",45,1,2,3,25,2,1,10,"WP",10,15,1,"WS",NA,1,1,"4",0,4,1,4,FALSE,TRUE,TRUE,TRUE,1,"Adult"
"719",45,1,2,3,25,2,1,10,"WP",10,5,0,"BP",NA,1,NA,"2",0,4,1,4,FALSE,TRUE,TRUE,TRUE,1,"Adult"
"720",45,1,2,3,25,2,1,10,"WP",10,4,0,"BP",0,1,NA,"1",0,4,1,4,FALSE,TRUE,TRUE,TRUE,1,"Adult"
"721",46,1,2,3,33,1,1,12,"BS",12,3,1,"BP",1,1,1,"1",4,0,4,0,TRUE,FALSE,TRUE,FALSE,1,"Adult"
"722",46,1,2,3,33,1,1,12,"BS",12,6,1,"BP",NA,1,1,"2",4,0,4,0,TRUE,FALSE,TRUE,FALSE,1,"Adult"
"723",46,1,2,3,33,1,1,12,"BS",12,2,0,"BS",0,0,NA,"1",4,0,4,0,TRUE,FALSE,TRUE,FALSE,0,"Adult"
"724",46,1,2,3,33,1,1,12,"BS",12,9,1,"WP",NA,1,1,"3",4,0,4,0,TRUE,FALSE,TRUE,FALSE,1,"Adult"
"725",46,1,2,3,33,1,1,12,"BS",12,8,0,"WS",NA,1,NA,"2",4,0,4,0,TRUE,FALSE,TRUE,FALSE,1,"Adult"
"726",46,1,2,3,33,1,1,12,"BS",12,7,1,"WP",NA,1,1,"2",4,0,4,0,TRUE,FALSE,TRUE,FALSE,1,"Adult"
"727",46,1,2,3,33,1,1,12,"BS",12,10,0,"WS",NA,1,NA,"3",4,0,4,0,TRUE,FALSE,TRUE,FALSE,1,"Adult"
"728",46,1,2,3,33,1,1,12,"BS",12,15,1,"WP",NA,1,1,"4",4,0,4,0,TRUE,FALSE,TRUE,FALSE,1,"Adult"
"729",46,1,2,3,33,1,1,12,"BS",12,1,1,"WP",1,1,1,"1",4,0,4,0,TRUE,FALSE,TRUE,FALSE,1,"Adult"
"730",46,1,2,3,33,1,1,12,"BS",12,13,0,"WS",NA,1,NA,"4",4,0,4,0,TRUE,FALSE,TRUE,FALSE,1,"Adult"
"731",46,1,2,3,33,1,1,12,"BS",12,11,1,"BP",NA,1,1,"3",4,0,4,0,TRUE,FALSE,TRUE,FALSE,1,"Adult"
"732",46,1,2,3,33,1,1,12,"BS",12,16,0,"BS",NA,0,NA,"4",4,0,4,0,TRUE,FALSE,TRUE,FALSE,0,"Adult"
"733",46,1,2,3,33,1,1,12,"BS",12,14,1,"BP",NA,1,1,"4",4,0,4,0,TRUE,FALSE,TRUE,FALSE,1,"Adult"
"734",46,1,2,3,33,1,1,12,"BS",12,5,0,"BS",NA,0,NA,"2",4,0,4,0,TRUE,FALSE,TRUE,FALSE,0,"Adult"
"735",46,1,2,3,33,1,1,12,"BS",12,12,0,"BS",NA,0,NA,"3",4,0,4,0,TRUE,FALSE,TRUE,FALSE,0,"Adult"
"736",46,1,2,3,33,1,1,12,"BS",12,4,0,"WS",0,1,NA,"1",4,0,4,0,TRUE,FALSE,TRUE,FALSE,1,"Adult"
"737",47,1,2,3,32,1,1,12,"BP",12,11,1,"BS",NA,1,1,"3",0,4,0,4,FALSE,TRUE,FALSE,TRUE,1,"Adult"
"738",47,1,2,3,32,1,1,12,"BP",12,8,1,"BS",NA,1,1,"2",0,4,0,4,FALSE,TRUE,FALSE,TRUE,1,"Adult"
"739",47,1,2,3,32,1,1,12,"BP",12,7,0,"WP",NA,1,NA,"2",0,4,0,4,FALSE,TRUE,FALSE,TRUE,1,"Adult"
"740",47,1,2,3,32,1,1,12,"BP",12,12,1,"WS",NA,1,1,"3",0,4,0,4,FALSE,TRUE,FALSE,TRUE,1,"Adult"
"741",47,1,2,3,32,1,1,12,"BP",12,16,1,"WS",NA,1,1,"4",0,4,0,4,FALSE,TRUE,FALSE,TRUE,1,"Adult"
"742",47,1,2,3,32,1,1,12,"BP",12,4,1,"BS",1,1,1,"1",0,4,0,4,FALSE,TRUE,FALSE,TRUE,1,"Adult"
"743",47,1,2,3,32,1,1,12,"BP",12,6,0,"BP",NA,0,NA,"2",0,4,0,4,FALSE,TRUE,FALSE,TRUE,0,"Adult"
"744",47,1,2,3,32,1,1,12,"BP",12,13,1,"BS",NA,1,1,"4",0,4,0,4,FALSE,TRUE,FALSE,TRUE,1,"Adult"
"745",47,1,2,3,32,1,1,12,"BP",12,1,1,"WS",1,1,1,"1",0,4,0,4,FALSE,TRUE,FALSE,TRUE,1,"Adult"
"746",47,1,2,3,32,1,1,12,"BP",12,15,0,"BP",NA,0,NA,"4",0,4,0,4,FALSE,TRUE,FALSE,TRUE,0,"Adult"
"747",47,1,2,3,32,1,1,12,"BP",12,14,0,"WP",NA,1,NA,"4",0,4,0,4,FALSE,TRUE,FALSE,TRUE,1,"Adult"
"748",47,1,2,3,32,1,1,12,"BP",12,3,0,"WP",0,1,NA,"1",0,4,0,4,FALSE,TRUE,FALSE,TRUE,1,"Adult"
"749",47,1,2,3,32,1,1,12,"BP",12,2,0,"BP",0,0,NA,"1",0,4,0,4,FALSE,TRUE,FALSE,TRUE,0,"Adult"
"750",47,1,2,3,32,1,1,12,"BP",12,5,1,"WS",NA,1,1,"2",0,4,0,4,FALSE,TRUE,FALSE,TRUE,1,"Adult"
"751",47,1,2,3,32,1,1,12,"BP",12,10,0,"WP",NA,1,NA,"3",0,4,0,4,FALSE,TRUE,FALSE,TRUE,1,"Adult"
"752",47,1,2,3,32,1,1,12,"BP",12,9,0,"BP",NA,0,NA,"3",0,4,0,4,FALSE,TRUE,FALSE,TRUE,0,"Adult"
"753",48,1,2,3,34,1,1,13,"BS",13,8,0,"BS",NA,0,NA,"2",1,0,4,4,TRUE,FALSE,TRUE,TRUE,0,"Adult"
"754",48,1,2,3,34,1,1,13,"BS",13,7,1,"WS",NA,1,1,"2",1,0,4,4,TRUE,FALSE,TRUE,TRUE,1,"Adult"
"755",48,1,2,3,34,1,1,13,"BS",13,11,1,"WS",NA,1,1,"3",1,0,4,4,TRUE,FALSE,TRUE,TRUE,1,"Adult"
"756",48,1,2,3,34,1,1,13,"BS",13,4,1,"BP",0,1,1,"1",1,0,4,4,TRUE,FALSE,TRUE,TRUE,1,"Adult"
"757",48,1,2,3,34,1,1,13,"BS",13,3,1,"WS",1,1,1,"1",1,0,4,4,TRUE,FALSE,TRUE,TRUE,1,"Adult"
"758",48,1,2,3,34,1,1,13,"BS",13,2,0,"BS",0,0,NA,"1",1,0,4,4,TRUE,FALSE,TRUE,TRUE,0,"Adult"
"759",48,1,2,3,34,1,1,13,"BS",13,1,1,"WP",1,1,1,"1",1,0,4,4,TRUE,FALSE,TRUE,TRUE,1,"Adult"
"760",48,1,2,3,34,1,1,13,"BS",13,15,1,"WP",NA,1,1,"4",1,0,4,4,TRUE,FALSE,TRUE,TRUE,1,"Adult"
"761",48,1,2,3,34,1,1,13,"BS",13,6,0,"BP",NA,1,NA,"2",1,0,4,4,TRUE,FALSE,TRUE,TRUE,1,"Adult"
"762",48,1,2,3,34,1,1,13,"BS",13,13,1,"WS",NA,1,1,"4",1,0,4,4,TRUE,FALSE,TRUE,TRUE,1,"Adult"
"763",48,1,2,3,34,1,1,13,"BS",13,12,0,"BS",NA,0,NA,"3",1,0,4,4,TRUE,FALSE,TRUE,TRUE,0,"Adult"
"764",48,1,2,3,34,1,1,13,"BS",13,5,1,"WP",NA,1,1,"2",1,0,4,4,TRUE,FALSE,TRUE,TRUE,1,"Adult"
"765",48,1,2,3,34,1,1,13,"BS",13,14,0,"BP",NA,1,NA,"4",1,0,4,4,TRUE,FALSE,TRUE,TRUE,1,"Adult"
"766",48,1,2,3,34,1,1,13,"BS",13,10,0,"BP",NA,1,NA,"3",1,0,4,4,TRUE,FALSE,TRUE,TRUE,1,"Adult"
"767",48,1,2,3,34,1,1,13,"BS",13,9,1,"WP",NA,1,1,"3",1,0,4,4,TRUE,FALSE,TRUE,TRUE,1,"Adult"
"768",48,1,2,3,34,1,1,13,"BS",13,16,0,"BS",NA,0,NA,"4",1,0,4,4,TRUE,FALSE,TRUE,TRUE,0,"Adult"
