"","PartID","Age","Gender","Block","HappySide","BadBlocks","Attn1","Attn2","Attn3","RCD","NumStickers","AgeGroup","AgeYr","Trial","GenBlock","GenZaff","GenCorrect","TimeSee.BP","TimeSee.BS","TimeSee.WP","TimeSee.WS","BPSeen","BSSeen","WPSeen","WSSeen"
"1","4-10",4.389041096,"M",5,"L","BS",1,1,1,1,8,"Young",4,1,"WS",1,1,4,4,4,4,TRUE,TRUE,TRUE,TRUE
"2","4-10",4.389041096,"M",5,"L","BS",1,1,1,1,8,"Young",4,4,"BP",1,1,4,4,4,4,TRUE,TRUE,TRUE,TRUE
"3","4-10",4.389041096,"M",5,"L","BS",1,1,1,1,8,"Young",4,2,"BS",0,1,4,4,4,4,TRUE,TRUE,TRUE,TRUE
"4","4-10",4.389041096,"M",5,"L","BS",1,1,1,1,8,"Young",4,3,"WP",1,1,4,4,4,4,TRUE,TRUE,TRUE,TRUE
"5","4-11",4.301369863,"M",8,"R","WP",2,3,3,0,8,"Young",4,1,"WS",0,0,4,4,4,4,TRUE,TRUE,TRUE,TRUE
"6","4-11",4.301369863,"M",8,"R","WP",2,3,3,0,8,"Young",4,3,"BS",1,1,4,4,4,4,TRUE,TRUE,TRUE,TRUE
"7","4-11",4.301369863,"M",8,"R","WP",2,3,3,0,8,"Young",4,4,"WP",0,1,4,4,4,4,TRUE,TRUE,TRUE,TRUE
"8","4-11",4.301369863,"M",8,"R","WP",2,3,3,0,8,"Young",4,2,"BP",0,0,4,4,4,4,TRUE,TRUE,TRUE,TRUE
"9","4-12",4.479452055,"M",2,"R","WS",3,1,3,0,7,"Young",4,1,"BP",0,0,4,4,1,2,TRUE,TRUE,TRUE,TRUE
"10","4-12",4.479452055,"M",2,"R","WS",3,1,3,0,7,"Young",4,2,"WP",0,0,4,4,1,2,TRUE,TRUE,TRUE,TRUE
"11","4-12",4.479452055,"M",2,"R","WS",3,1,3,0,7,"Young",4,3,"BS",0,0,4,4,1,2,TRUE,TRUE,TRUE,TRUE
"12","4-12",4.479452055,"M",2,"R","WS",3,1,3,0,7,"Young",4,4,"WS",0,1,4,4,1,2,TRUE,TRUE,TRUE,TRUE
"13","4-13",4.843835616,"M",3,"L","BP",1,1,1,0,8,"Young",4,1,"BS",1,1,4,4,4,4,TRUE,TRUE,TRUE,TRUE
"14","4-13",4.843835616,"M",3,"L","BP",1,1,1,0,8,"Young",4,3,"WP",1,1,4,4,4,4,TRUE,TRUE,TRUE,TRUE
"15","4-13",4.843835616,"M",3,"L","BP",1,1,1,0,8,"Young",4,2,"WS",0,0,4,4,4,4,TRUE,TRUE,TRUE,TRUE
"16","4-13",4.843835616,"M",3,"L","BP",1,1,1,0,8,"Young",4,4,"BP",0,1,4,4,4,4,TRUE,TRUE,TRUE,TRUE
"17","4-14",4.673972603,"M",7,"R","BP",2,1,1,1,8,"Young",4,2,"BS",0,0,4,4,4,4,TRUE,TRUE,TRUE,TRUE
"18","4-14",4.673972603,"M",7,"R","BP",2,1,1,1,8,"Young",4,1,"WS",1,1,4,4,4,4,TRUE,TRUE,TRUE,TRUE
"19","4-14",4.673972603,"M",7,"R","BP",2,1,1,1,8,"Young",4,3,"BP",1,0,4,4,4,4,TRUE,TRUE,TRUE,TRUE
"20","4-14",4.673972603,"M",7,"R","BP",2,1,1,1,8,"Young",4,4,"WP",0,0,4,4,4,4,TRUE,TRUE,TRUE,TRUE
"21","4-15",4.64109589,"M",2,"R","WS",3,3,3,1,8,"Young",4,2,"WP",1,1,4,4,4,4,TRUE,TRUE,TRUE,TRUE
"22","4-15",4.64109589,"M",2,"R","WS",3,3,3,1,8,"Young",4,1,"BS",1,1,4,4,4,4,TRUE,TRUE,TRUE,TRUE
"23","4-15",4.64109589,"M",2,"R","WS",3,3,3,1,8,"Young",4,3,"WS",1,0,4,4,4,4,TRUE,TRUE,TRUE,TRUE
"24","4-15",4.64109589,"M",2,"R","WS",3,3,3,1,8,"Young",4,4,"BP",1,1,4,4,4,4,TRUE,TRUE,TRUE,TRUE
"25","4-16",4.761643836,"M",1,"R","BS",2,1,3,0,10,"Young",4,1,"WS",1,1,3,2,3,4,TRUE,TRUE,TRUE,TRUE
"26","4-16",4.761643836,"M",1,"R","BS",2,1,3,0,10,"Young",4,4,"BP",1,1,3,2,3,4,TRUE,TRUE,TRUE,TRUE
"27","4-16",4.761643836,"M",1,"R","BS",2,1,3,0,10,"Young",4,3,"BS",0,1,3,2,3,4,TRUE,TRUE,TRUE,TRUE
"28","4-16",4.761643836,"M",1,"R","BS",2,1,3,0,10,"Young",4,2,"WP",0,0,3,2,3,4,TRUE,TRUE,TRUE,TRUE
"29","4-17",4.312328767,"F",1,"R","BS",2,1,3,1,8,"Young",4,1,"BP",0,0,4,4,4,4,TRUE,TRUE,TRUE,TRUE
"30","4-17",4.312328767,"F",1,"R","BS",2,1,3,1,8,"Young",4,3,"WS",1,1,4,4,4,4,TRUE,TRUE,TRUE,TRUE
"31","4-17",4.312328767,"F",1,"R","BS",2,1,3,1,8,"Young",4,2,"WP",0,0,4,4,4,4,TRUE,TRUE,TRUE,TRUE
"32","4-17",4.312328767,"F",1,"R","BS",2,1,3,1,8,"Young",4,4,"BS",1,0,4,4,4,4,TRUE,TRUE,TRUE,TRUE
"33","4-18",4.378082192,"F",5,"L","BS",2,1,1,0,9,"Young",4,4,"WP",1,1,4,3,4,3,TRUE,TRUE,TRUE,TRUE
"34","4-18",4.378082192,"F",5,"L","BS",2,1,1,0,9,"Young",4,3,"BP",1,1,4,3,4,3,TRUE,TRUE,TRUE,TRUE
"35","4-18",4.378082192,"F",5,"L","BS",2,1,1,0,9,"Young",4,1,"BS",0,1,4,3,4,3,TRUE,TRUE,TRUE,TRUE
"36","4-18",4.378082192,"F",5,"L","BS",2,1,1,0,9,"Young",4,2,"WS",0,0,4,3,4,3,TRUE,TRUE,TRUE,TRUE
"37","4-2",4.805479452,"M",4,"L","WP",3,1,1,1,8,"Young",4,3,"BS",1,1,4,4,4,4,TRUE,TRUE,TRUE,TRUE
"38","4-2",4.805479452,"M",4,"L","WP",3,1,1,1,8,"Young",4,1,"WS",1,1,4,4,4,4,TRUE,TRUE,TRUE,TRUE
"39","4-2",4.805479452,"M",4,"L","WP",3,1,1,1,8,"Young",4,2,"BP",1,1,4,4,4,4,TRUE,TRUE,TRUE,TRUE
"40","4-2",4.805479452,"M",4,"L","WP",3,1,1,1,8,"Young",4,4,"WP",0,1,4,4,4,4,TRUE,TRUE,TRUE,TRUE
"41","4-3",4.216438356,"F",7,"R","BP",2,1,3,1,8,"Young",4,3,"WS",0,0,4,4,4,4,TRUE,TRUE,TRUE,TRUE
"42","4-3",4.216438356,"F",7,"R","BP",2,1,3,1,8,"Young",4,2,"BS",0,0,4,4,4,4,TRUE,TRUE,TRUE,TRUE
"43","4-3",4.216438356,"F",7,"R","BP",2,1,3,1,8,"Young",4,4,"BP",1,0,4,4,4,4,TRUE,TRUE,TRUE,TRUE
"44","4-3",4.216438356,"F",7,"R","BP",2,1,3,1,8,"Young",4,1,"WP",1,1,4,4,4,4,TRUE,TRUE,TRUE,TRUE
"45","4-4",4.22739726,"F",3,"L","BP",1,1,1,1,8,"Young",4,4,"WS",1,1,4,4,4,4,TRUE,TRUE,TRUE,TRUE
"46","4-4",4.22739726,"F",3,"L","BP",1,1,1,1,8,"Young",4,3,"BS",1,1,4,4,4,4,TRUE,TRUE,TRUE,TRUE
"47","4-4",4.22739726,"F",3,"L","BP",1,1,1,1,8,"Young",4,2,"BP",0,1,4,4,4,4,TRUE,TRUE,TRUE,TRUE
"48","4-4",4.22739726,"F",3,"L","BP",1,1,1,1,8,"Young",4,1,"WP",1,1,4,4,4,4,TRUE,TRUE,TRUE,TRUE
"49","4-5",4.619178082,"F",6,"L","WS",2,1,1,0,7,"Young",4,4,"WS",0,1,3,4,4,4,TRUE,TRUE,TRUE,TRUE
"50","4-5",4.619178082,"F",6,"L","WS",2,1,1,0,7,"Young",4,3,"WP",0,0,3,4,4,4,TRUE,TRUE,TRUE,TRUE
"51","4-5",4.619178082,"F",6,"L","WS",2,1,1,0,7,"Young",4,2,"BS",0,0,3,4,4,4,TRUE,TRUE,TRUE,TRUE
"52","4-5",4.619178082,"F",6,"L","WS",2,1,1,0,7,"Young",4,1,"BP",0,0,3,4,4,4,TRUE,TRUE,TRUE,TRUE
"53","4-6",4.375342466,"M",6,"L","WS",2,1,1,0,8,"Young",4,4,"WP",0,0,4,4,4,4,TRUE,TRUE,TRUE,TRUE
"54","4-6",4.375342466,"M",6,"L","WS",2,1,1,0,8,"Young",4,1,"BP",0,0,4,4,4,4,TRUE,TRUE,TRUE,TRUE
"55","4-6",4.375342466,"M",6,"L","WS",2,1,1,0,8,"Young",4,3,"WS",0,1,4,4,4,4,TRUE,TRUE,TRUE,TRUE
"56","4-6",4.375342466,"M",6,"L","WS",2,1,1,0,8,"Young",4,2,"BS",0,0,4,4,4,4,TRUE,TRUE,TRUE,TRUE
"57","4-7",4.520547945,"M",4,"L","WP",3,3,3,1,8,"Young",4,1,"BS",1,1,4,4,4,4,TRUE,TRUE,TRUE,TRUE
"58","4-7",4.520547945,"M",4,"L","WP",3,3,3,1,8,"Young",4,3,"WP",0,1,4,4,4,4,TRUE,TRUE,TRUE,TRUE
"59","4-7",4.520547945,"M",4,"L","WP",3,3,3,1,8,"Young",4,4,"BP",0,0,4,4,4,4,TRUE,TRUE,TRUE,TRUE
"60","4-7",4.520547945,"M",4,"L","WP",3,3,3,1,8,"Young",4,2,"WS",1,1,4,4,4,4,TRUE,TRUE,TRUE,TRUE
"61","4-8",5.873972603,"F",5,"L","BS",1,1,3,1,14,"Young",5,3,"WS",0,0,4,1,4,4,TRUE,TRUE,TRUE,TRUE
"62","4-8",5.873972603,"F",5,"L","BS",1,1,3,1,14,"Young",5,4,"BS",0,1,4,1,4,4,TRUE,TRUE,TRUE,TRUE
"63","4-8",5.873972603,"F",5,"L","BS",1,1,3,1,14,"Young",5,2,"BP",1,1,4,1,4,4,TRUE,TRUE,TRUE,TRUE
"64","4-8",5.873972603,"F",5,"L","BS",1,1,3,1,14,"Young",5,1,"WP",1,1,4,1,4,4,TRUE,TRUE,TRUE,TRUE
"65","4-9",4.18630137,"M",8,"R","WP",3,2,3,0,8,"Young",4,1,"WS",1,1,4,4,4,4,TRUE,TRUE,TRUE,TRUE
"66","4-9",4.18630137,"M",8,"R","WP",3,2,3,0,8,"Young",4,3,"WP",1,0,4,4,4,4,TRUE,TRUE,TRUE,TRUE
"67","4-9",4.18630137,"M",8,"R","WP",3,2,3,0,8,"Young",4,2,"BS",1,1,4,4,4,4,TRUE,TRUE,TRUE,TRUE
"68","4-9",4.18630137,"M",8,"R","WP",3,2,3,0,8,"Young",4,4,"BP",1,1,4,4,4,4,TRUE,TRUE,TRUE,TRUE
"69","5-1",5.37260274,"F",1,"R","BS",1,1,1,1,9,"Young",5,3,"WS",1,1,4,3,4,3,TRUE,TRUE,TRUE,TRUE
"70","5-1",5.37260274,"F",1,"R","BS",1,1,1,1,9,"Young",5,2,"WP",0,0,4,3,4,3,TRUE,TRUE,TRUE,TRUE
"71","5-1",5.37260274,"F",1,"R","BS",1,1,1,1,9,"Young",5,1,"BP",1,1,4,3,4,3,TRUE,TRUE,TRUE,TRUE
"72","5-1",5.37260274,"F",1,"R","BS",1,1,1,1,9,"Young",5,4,"BS",1,0,4,3,4,3,TRUE,TRUE,TRUE,TRUE
"73","5-10",5.816438356,"M",6,"L","WS",1,1,1,1,12,"Young",5,1,"BP",1,1,4,0,4,0,TRUE,FALSE,TRUE,FALSE
"74","5-10",5.816438356,"M",6,"L","WS",1,1,1,1,12,"Young",5,2,"WS",0,1,4,0,4,0,TRUE,FALSE,TRUE,FALSE
"75","5-10",5.816438356,"M",6,"L","WS",1,1,1,1,12,"Young",5,4,"BS",0,0,4,0,4,0,TRUE,FALSE,TRUE,FALSE
"76","5-10",5.816438356,"M",6,"L","WS",1,1,1,1,12,"Young",5,3,"WP",1,1,4,0,4,0,TRUE,FALSE,TRUE,FALSE
"77","5-11",5.457534247,"M",7,"R","BP",1,1,3,1,8,"Young",5,1,"BS",1,1,2,4,0,4,TRUE,TRUE,FALSE,TRUE
"78","5-11",5.457534247,"M",7,"R","BP",1,1,3,1,8,"Young",5,2,"WS",1,1,2,4,0,4,TRUE,TRUE,FALSE,TRUE
"79","5-11",5.457534247,"M",7,"R","BP",1,1,3,1,8,"Young",5,4,"BP",0,1,2,4,0,4,TRUE,TRUE,FALSE,TRUE
"80","5-11",5.457534247,"M",7,"R","BP",1,1,3,1,8,"Young",5,3,"WP",0,0,2,4,0,4,TRUE,TRUE,FALSE,TRUE
"81","5-12",5.884931507,"M",2,"R","WS",1,1,1,1,9,"Young",5,1,"BS",1,1,4,1,4,2,TRUE,TRUE,TRUE,TRUE
"82","5-12",5.884931507,"M",2,"R","WS",1,1,1,1,9,"Young",5,3,"WS",1,0,4,1,4,2,TRUE,TRUE,TRUE,TRUE
"83","5-12",5.884931507,"M",2,"R","WS",1,1,1,1,9,"Young",5,2,"WP",1,1,4,1,4,2,TRUE,TRUE,TRUE,TRUE
"84","5-12",5.884931507,"M",2,"R","WS",1,1,1,1,9,"Young",5,4,"BP",1,1,4,1,4,2,TRUE,TRUE,TRUE,TRUE
"85","5-13",5.082191781,"M",3,"L","BP",2,1,1,1,8,"Young",5,1,"BS",1,1,4,4,4,4,TRUE,TRUE,TRUE,TRUE
"86","5-13",5.082191781,"M",3,"L","BP",2,1,1,1,8,"Young",5,2,"WP",1,1,4,4,4,4,TRUE,TRUE,TRUE,TRUE
"87","5-13",5.082191781,"M",3,"L","BP",2,1,1,1,8,"Young",5,3,"BP",1,0,4,4,4,4,TRUE,TRUE,TRUE,TRUE
"88","5-13",5.082191781,"M",3,"L","BP",2,1,1,1,8,"Young",5,4,"WS",1,1,4,4,4,4,TRUE,TRUE,TRUE,TRUE
"89","5-14",5.41369863,"F",3,"L","BP",1,1,1,1,8,"Young",5,3,"WP",1,1,1,0,4,2,TRUE,FALSE,TRUE,TRUE
"90","5-14",5.41369863,"F",3,"L","BP",1,1,1,1,8,"Young",5,1,"BP",0,1,1,0,4,2,TRUE,FALSE,TRUE,TRUE
"91","5-14",5.41369863,"F",3,"L","BP",1,1,1,1,8,"Young",5,2,"WS",1,1,1,0,4,2,TRUE,FALSE,TRUE,TRUE
"92","5-14",5.41369863,"F",3,"L","BP",1,1,1,1,8,"Young",5,4,"BS",0,0,1,0,4,2,TRUE,FALSE,TRUE,TRUE
"93","5-15",5.306849315,"M",8,"R","WP",1,1,1,1,8,"Young",5,2,"BS",0,0,4,4,4,4,TRUE,TRUE,TRUE,TRUE
"94","5-15",5.306849315,"M",8,"R","WP",1,1,1,1,8,"Young",5,3,"BP",1,1,4,4,4,4,TRUE,TRUE,TRUE,TRUE
"95","5-15",5.306849315,"M",8,"R","WP",1,1,1,1,8,"Young",5,1,"WS",1,1,4,4,4,4,TRUE,TRUE,TRUE,TRUE
"96","5-15",5.306849315,"M",8,"R","WP",1,1,1,1,8,"Young",5,4,"WP",1,0,4,4,4,4,TRUE,TRUE,TRUE,TRUE
"97","5-16",5.347945205,"M",7,"R","BP",1,1,3,1,8,"Young",5,4,"BP",0,1,4,4,4,4,TRUE,TRUE,TRUE,TRUE
"98","5-16",5.347945205,"M",7,"R","BP",1,1,3,1,8,"Young",5,2,"BS",1,1,4,4,4,4,TRUE,TRUE,TRUE,TRUE
"99","5-16",5.347945205,"M",7,"R","BP",1,1,3,1,8,"Young",5,3,"WP",1,1,4,4,4,4,TRUE,TRUE,TRUE,TRUE
"100","5-16",5.347945205,"M",7,"R","BP",1,1,3,1,8,"Young",5,1,"WS",1,1,4,4,4,4,TRUE,TRUE,TRUE,TRUE
"101","5-2",6.216438356,"M",5,"L","BS",1,1,1,1,10,"Old",6,4,"BP",1,1,4,1,4,0,TRUE,TRUE,TRUE,FALSE
"102","5-2",6.216438356,"M",5,"L","BS",1,1,1,1,10,"Old",6,1,"WS",0,0,4,1,4,0,TRUE,TRUE,TRUE,FALSE
"103","5-2",6.216438356,"M",5,"L","BS",1,1,1,1,10,"Old",6,2,"WP",1,1,4,1,4,0,TRUE,TRUE,TRUE,FALSE
"104","5-2",6.216438356,"M",5,"L","BS",1,1,1,1,10,"Old",6,3,"BS",0,1,4,1,4,0,TRUE,TRUE,TRUE,FALSE
"105","5-3",6.21369863,"F",4,"L","WP",1,1,1,1,14,"Old",6,4,"BS",1,1,4,4,1,4,TRUE,TRUE,TRUE,TRUE
"106","5-3",6.21369863,"F",4,"L","WP",1,1,1,1,14,"Old",6,3,"WS",1,1,4,4,1,4,TRUE,TRUE,TRUE,TRUE
"107","5-3",6.21369863,"F",4,"L","WP",1,1,1,1,14,"Old",6,1,"WP",0,1,4,4,1,4,TRUE,TRUE,TRUE,TRUE
"108","5-3",6.21369863,"F",4,"L","WP",1,1,1,1,14,"Old",6,2,"BP",1,1,4,4,1,4,TRUE,TRUE,TRUE,TRUE
"109","5-4",5.539726027,"F",4,"L","WP",1,1,1,1,8,"Young",5,1,"BP",0,0,0,3,1,3,FALSE,TRUE,TRUE,TRUE
"110","5-4",5.539726027,"F",4,"L","WP",1,1,1,1,8,"Young",5,4,"WS",1,1,0,3,1,3,FALSE,TRUE,TRUE,TRUE
"111","5-4",5.539726027,"F",4,"L","WP",1,1,1,1,8,"Young",5,2,"BS",1,1,0,3,1,3,FALSE,TRUE,TRUE,TRUE
"112","5-4",5.539726027,"F",4,"L","WP",1,1,1,1,8,"Young",5,3,"WP",0,1,0,3,1,3,FALSE,TRUE,TRUE,TRUE
"113","5-6",5.635616438,"F",8,"R","WP",1,1,3,1,10,"Young",5,1,"WS",1,1,0,4,1,4,FALSE,TRUE,TRUE,TRUE
"114","5-6",5.635616438,"F",8,"R","WP",1,1,3,1,10,"Young",5,4,"BS",1,1,0,4,1,4,FALSE,TRUE,TRUE,TRUE
"115","5-6",5.635616438,"F",8,"R","WP",1,1,3,1,10,"Young",5,2,"BP",0,0,0,4,1,4,FALSE,TRUE,TRUE,TRUE
"116","5-6",5.635616438,"F",8,"R","WP",1,1,3,1,10,"Young",5,3,"WP",0,1,0,4,1,4,FALSE,TRUE,TRUE,TRUE
"117","5-7",5.605479452,"M",2,"R","WS",1,1,3,1,12,"Young",5,4,"BP",1,1,4,4,4,2,TRUE,TRUE,TRUE,TRUE
"118","5-7",5.605479452,"M",2,"R","WS",1,1,3,1,12,"Young",5,1,"WS",0,1,4,4,4,2,TRUE,TRUE,TRUE,TRUE
"119","5-7",5.605479452,"M",2,"R","WS",1,1,3,1,12,"Young",5,3,"WP",1,1,4,4,4,2,TRUE,TRUE,TRUE,TRUE
"120","5-7",5.605479452,"M",2,"R","WS",1,1,3,1,12,"Young",5,2,"BS",1,1,4,4,4,2,TRUE,TRUE,TRUE,TRUE
"121","5-8",5.095890411,"F",6,"L","WS",1,1,1,1,9,"Young",5,3,"BS",0,0,3,0,4,1,TRUE,FALSE,TRUE,TRUE
"122","5-8",5.095890411,"F",6,"L","WS",1,1,1,1,9,"Young",5,2,"WP",1,1,3,0,4,1,TRUE,FALSE,TRUE,TRUE
"123","5-8",5.095890411,"F",6,"L","WS",1,1,1,1,9,"Young",5,1,"BP",1,1,3,0,4,1,TRUE,FALSE,TRUE,TRUE
"124","5-8",5.095890411,"F",6,"L","WS",1,1,1,1,9,"Young",5,4,"WS",0,1,3,0,4,1,TRUE,FALSE,TRUE,TRUE
"125","5-9",5.816438356,"M",1,"R","BS",1,1,1,1,12,"Young",5,1,"BP",1,1,4,0,4,0,TRUE,FALSE,TRUE,FALSE
"126","5-9",5.816438356,"M",1,"R","BS",1,1,1,1,12,"Young",5,4,"WP",1,1,4,0,4,0,TRUE,FALSE,TRUE,FALSE
"127","5-9",5.816438356,"M",1,"R","BS",1,1,1,1,12,"Young",5,2,"WS",0,0,4,0,4,0,TRUE,FALSE,TRUE,FALSE
"128","5-9",5.816438356,"M",1,"R","BS",1,1,1,1,12,"Young",5,3,"BS",0,1,4,0,4,0,TRUE,FALSE,TRUE,FALSE
"129","6-10",6.221917808,"M",6,"L","WS",1,1,1,1,8,"Old",6,2,"WS",0,1,4,4,4,4,TRUE,TRUE,TRUE,TRUE
"130","6-10",6.221917808,"M",6,"L","WS",1,1,1,1,8,"Old",6,3,"WP",1,1,4,4,4,4,TRUE,TRUE,TRUE,TRUE
"131","6-10",6.221917808,"M",6,"L","WS",1,1,1,1,8,"Old",6,1,"BP",1,1,4,4,4,4,TRUE,TRUE,TRUE,TRUE
"132","6-10",6.221917808,"M",6,"L","WS",1,1,1,1,8,"Old",6,4,"BS",0,0,4,4,4,4,TRUE,TRUE,TRUE,TRUE
"133","6-11",6.309589041,"M",3,"L","BP",1,1,1,0,7,"Old",6,1,"BS",1,1,3,3,3,3,TRUE,TRUE,TRUE,TRUE
"134","6-11",6.309589041,"M",3,"L","BP",1,1,1,0,7,"Old",6,4,"BP",1,0,3,3,3,3,TRUE,TRUE,TRUE,TRUE
"135","6-11",6.309589041,"M",3,"L","BP",1,1,1,0,7,"Old",6,3,"WS",1,1,3,3,3,3,TRUE,TRUE,TRUE,TRUE
"136","6-11",6.309589041,"M",3,"L","BP",1,1,1,0,7,"Old",6,2,"WP",0,0,3,3,3,3,TRUE,TRUE,TRUE,TRUE
"137","6-12",6.567123288,"F",8,"R","WP",1,1,1,1,6,"Old",6,3,"WS",1,1,0,0,1,4,FALSE,FALSE,TRUE,TRUE
"138","6-12",6.567123288,"F",8,"R","WP",1,1,1,1,6,"Old",6,2,"BS",0,0,0,0,1,4,FALSE,FALSE,TRUE,TRUE
"139","6-12",6.567123288,"F",8,"R","WP",1,1,1,1,6,"Old",6,4,"BP",0,0,0,0,1,4,FALSE,FALSE,TRUE,TRUE
"140","6-12",6.567123288,"F",8,"R","WP",1,1,1,1,6,"Old",6,1,"WP",1,0,0,0,1,4,FALSE,FALSE,TRUE,TRUE
"141","6-13",6.073972603,"M",1,"R","BS",1,1,1,1,11,"Old",6,2,"BS",0,1,3,1,3,3,TRUE,TRUE,TRUE,TRUE
"142","6-13",6.073972603,"M",1,"R","BS",1,1,1,1,11,"Old",6,3,"WP",0,0,3,1,3,3,TRUE,TRUE,TRUE,TRUE
"143","6-13",6.073972603,"M",1,"R","BS",1,1,1,1,11,"Old",6,1,"BP",1,1,3,1,3,3,TRUE,TRUE,TRUE,TRUE
"144","6-13",6.073972603,"M",1,"R","BS",1,1,1,1,11,"Old",6,4,"WS",1,1,3,1,3,3,TRUE,TRUE,TRUE,TRUE
"145","6-14",6.619178082,"M",4,"L","WP",1,1,1,1,8,"Old",6,2,"WP",0,1,4,4,4,4,TRUE,TRUE,TRUE,TRUE
"146","6-14",6.619178082,"M",4,"L","WP",1,1,1,1,8,"Old",6,3,"BS",1,1,4,4,4,4,TRUE,TRUE,TRUE,TRUE
"147","6-14",6.619178082,"M",4,"L","WP",1,1,1,1,8,"Old",6,1,"BP",1,1,4,4,4,4,TRUE,TRUE,TRUE,TRUE
"148","6-14",6.619178082,"M",4,"L","WP",1,1,1,1,8,"Old",6,4,"WS",1,1,4,4,4,4,TRUE,TRUE,TRUE,TRUE
"149","6-15",6.545205479,"F",6,"L","WS",1,1,1,1,12,"Old",6,3,"WS",0,1,4,0,4,0,TRUE,FALSE,TRUE,FALSE
"150","6-15",6.545205479,"F",6,"L","WS",1,1,1,1,12,"Old",6,4,"BS",0,0,4,0,4,0,TRUE,FALSE,TRUE,FALSE
"151","6-15",6.545205479,"F",6,"L","WS",1,1,1,1,12,"Old",6,2,"WP",1,1,4,0,4,0,TRUE,FALSE,TRUE,FALSE
"152","6-15",6.545205479,"F",6,"L","WS",1,1,1,1,12,"Old",6,1,"BP",1,1,4,0,4,0,TRUE,FALSE,TRUE,FALSE
"153","6-16",6.665753425,"M",2,"R","WS",1,1,1,0,8,"Old",6,2,"WP",1,1,4,4,4,4,TRUE,TRUE,TRUE,TRUE
"154","6-16",6.665753425,"M",2,"R","WS",1,1,1,0,8,"Old",6,3,"BS",1,1,4,4,4,4,TRUE,TRUE,TRUE,TRUE
"155","6-16",6.665753425,"M",2,"R","WS",1,1,1,0,8,"Old",6,4,"BP",1,1,4,4,4,4,TRUE,TRUE,TRUE,TRUE
"156","6-16",6.665753425,"M",2,"R","WS",1,1,1,0,8,"Old",6,1,"WS",1,0,4,4,4,4,TRUE,TRUE,TRUE,TRUE
"157","6-17",5.284931507,"M",5,"L","BS",2,1,3,0,8,"Young",5,4,"BP",1,1,4,4,4,4,TRUE,TRUE,TRUE,TRUE
"158","6-17",5.284931507,"M",5,"L","BS",2,1,3,0,8,"Young",5,2,"WS",1,1,4,4,4,4,TRUE,TRUE,TRUE,TRUE
"159","6-17",5.284931507,"M",5,"L","BS",2,1,3,0,8,"Young",5,3,"BS",1,0,4,4,4,4,TRUE,TRUE,TRUE,TRUE
"160","6-17",5.284931507,"M",5,"L","BS",2,1,3,0,8,"Young",5,1,"WP",1,1,4,4,4,4,TRUE,TRUE,TRUE,TRUE
"161","6-17b",6.391780822,"M",5,"L","BS",1,1,1,1,12,"Old",6,1,"WP",1,1,4,2,4,4,TRUE,TRUE,TRUE,TRUE
"162","6-17b",6.391780822,"M",5,"L","BS",1,1,1,1,12,"Old",6,4,"BP",1,1,4,2,4,4,TRUE,TRUE,TRUE,TRUE
"163","6-17b",6.391780822,"M",5,"L","BS",1,1,1,1,12,"Old",6,2,"WS",0,0,4,2,4,4,TRUE,TRUE,TRUE,TRUE
"164","6-17b",6.391780822,"M",5,"L","BS",1,1,1,1,12,"Old",6,3,"BS",0,1,4,2,4,4,TRUE,TRUE,TRUE,TRUE
"165","6-3",5.646575342,"F",4,"L","WP",1,2,1,1,8,"Young",5,1,"WP",0,1,4,4,4,4,TRUE,TRUE,TRUE,TRUE
"166","6-3",5.646575342,"F",4,"L","WP",1,2,1,1,8,"Young",5,3,"WS",1,1,4,4,4,4,TRUE,TRUE,TRUE,TRUE
"167","6-3",5.646575342,"F",4,"L","WP",1,2,1,1,8,"Young",5,4,"BS",1,1,4,4,4,4,TRUE,TRUE,TRUE,TRUE
"168","6-3",5.646575342,"F",4,"L","WP",1,2,1,1,8,"Young",5,2,"BP",1,1,4,4,4,4,TRUE,TRUE,TRUE,TRUE
"169","6-4",6.709589041,"F",8,"R","WP",1,1,1,0,8,"Old",6,1,"BS",1,1,4,4,4,4,TRUE,TRUE,TRUE,TRUE
"170","6-4",6.709589041,"F",8,"R","WP",1,1,1,0,8,"Old",6,2,"BP",0,0,4,4,4,4,TRUE,TRUE,TRUE,TRUE
"171","6-4",6.709589041,"F",8,"R","WP",1,1,1,0,8,"Old",6,3,"WP",0,1,4,4,4,4,TRUE,TRUE,TRUE,TRUE
"172","6-4",6.709589041,"F",8,"R","WP",1,1,1,0,8,"Old",6,4,"WS",1,1,4,4,4,4,TRUE,TRUE,TRUE,TRUE
"173","6-5",6.139726027,"M",2,"R","WS",1,1,3,1,12,"Old",6,1,"WS",0,1,4,4,4,2,TRUE,TRUE,TRUE,TRUE
"174","6-5",6.139726027,"M",2,"R","WS",1,1,3,1,12,"Old",6,3,"BP",1,1,4,4,4,2,TRUE,TRUE,TRUE,TRUE
"175","6-5",6.139726027,"M",2,"R","WS",1,1,3,1,12,"Old",6,2,"BS",1,1,4,4,4,2,TRUE,TRUE,TRUE,TRUE
"176","6-5",6.139726027,"M",2,"R","WS",1,1,3,1,12,"Old",6,4,"WP",1,1,4,4,4,2,TRUE,TRUE,TRUE,TRUE
"177","6-6",6.389041096,"F",3,"L","BP",1,1,1,1,10,"Old",6,2,"WS",1,1,1,0,4,4,TRUE,FALSE,TRUE,TRUE
"178","6-6",6.389041096,"F",3,"L","BP",1,1,1,1,10,"Old",6,1,"BS",0,0,1,0,4,4,TRUE,FALSE,TRUE,TRUE
"179","6-6",6.389041096,"F",3,"L","BP",1,1,1,1,10,"Old",6,3,"WP",1,1,1,0,4,4,TRUE,FALSE,TRUE,TRUE
"180","6-6",6.389041096,"F",3,"L","BP",1,1,1,1,10,"Old",6,4,"BP",0,1,1,0,4,4,TRUE,FALSE,TRUE,TRUE
"181","6-7",6.42739726,"M",7,"R","BP",1,1,1,1,10,"Old",6,2,"WS",1,1,1,4,0,4,TRUE,TRUE,FALSE,TRUE
"182","6-7",6.42739726,"M",7,"R","BP",1,1,1,1,10,"Old",6,1,"WP",0,0,1,4,0,4,TRUE,TRUE,FALSE,TRUE
"183","6-7",6.42739726,"M",7,"R","BP",1,1,1,1,10,"Old",6,3,"BS",1,1,1,4,0,4,TRUE,TRUE,FALSE,TRUE
"184","6-7",6.42739726,"M",7,"R","BP",1,1,1,1,10,"Old",6,4,"BP",0,1,1,4,0,4,TRUE,TRUE,FALSE,TRUE
"185","6-8",6.082191781,"F",7,"R","BP",1,1,3,1,9,"Old",6,1,"BP",1,0,1,4,0,3,TRUE,TRUE,FALSE,TRUE
"186","6-8",6.082191781,"F",7,"R","BP",1,1,3,1,9,"Old",6,4,"WS",0,0,1,4,0,3,TRUE,TRUE,FALSE,TRUE
"187","6-8",6.082191781,"F",7,"R","BP",1,1,3,1,9,"Old",6,3,"WP",1,1,1,4,0,3,TRUE,TRUE,FALSE,TRUE
"188","6-8",6.082191781,"F",7,"R","BP",1,1,3,1,9,"Old",6,2,"BS",0,0,1,4,0,3,TRUE,TRUE,FALSE,TRUE
"189","6-9",6.082191781,"F",1,"R","BS",2,1,3,0,12,"Old",6,1,"BS",0,1,4,0,4,0,TRUE,FALSE,TRUE,FALSE
"190","6-9",6.082191781,"F",1,"R","BS",2,1,3,0,12,"Old",6,3,"BP",1,1,4,0,4,0,TRUE,FALSE,TRUE,FALSE
"191","6-9",6.082191781,"F",1,"R","BS",2,1,3,0,12,"Old",6,2,"WP",1,1,4,0,4,0,TRUE,FALSE,TRUE,FALSE
"192","6-9",6.082191781,"F",1,"R","BS",2,1,3,0,12,"Old",6,4,"WS",0,0,4,0,4,0,TRUE,FALSE,TRUE,FALSE
"193","7-10",7.695890411,"F",3,"L","BP",1,1,1,1,8,"Old",7,4,"WP",0,0,4,4,4,4,TRUE,TRUE,TRUE,TRUE
"194","7-10",7.695890411,"F",3,"L","BP",1,1,1,1,8,"Old",7,3,"BP",0,1,4,4,4,4,TRUE,TRUE,TRUE,TRUE
"195","7-10",7.695890411,"F",3,"L","BP",1,1,1,1,8,"Old",7,1,"BS",1,1,4,4,4,4,TRUE,TRUE,TRUE,TRUE
"196","7-10",7.695890411,"F",3,"L","BP",1,1,1,1,8,"Old",7,2,"WS",1,1,4,4,4,4,TRUE,TRUE,TRUE,TRUE
"197","7-11",7.701369863,"F",8,"R","WP",1,1,1,1,12,"Old",7,3,"BS",1,1,0,4,0,4,FALSE,TRUE,FALSE,TRUE
"198","7-11",7.701369863,"F",8,"R","WP",1,1,1,1,12,"Old",7,1,"BP",0,0,0,4,0,4,FALSE,TRUE,FALSE,TRUE
"199","7-11",7.701369863,"F",8,"R","WP",1,1,1,1,12,"Old",7,2,"WS",1,1,0,4,0,4,FALSE,TRUE,FALSE,TRUE
"200","7-11",7.701369863,"F",8,"R","WP",1,1,1,1,12,"Old",7,4,"WP",0,1,0,4,0,4,FALSE,TRUE,FALSE,TRUE
"201","7-12",7.309589041,"F",7,"R","BP",1,1,1,1,9,"Old",7,3,"WP",0,0,1,4,0,3,TRUE,TRUE,FALSE,TRUE
"202","7-12",7.309589041,"F",7,"R","BP",1,1,1,1,9,"Old",7,2,"WS",1,1,1,4,0,3,TRUE,TRUE,FALSE,TRUE
"203","7-12",7.309589041,"F",7,"R","BP",1,1,1,1,9,"Old",7,4,"BS",1,1,1,4,0,3,TRUE,TRUE,FALSE,TRUE
"204","7-12",7.309589041,"F",7,"R","BP",1,1,1,1,9,"Old",7,1,"BP",0,1,1,4,0,3,TRUE,TRUE,FALSE,TRUE
"205","7-14",7.249315068,"M",6,"L","WS",1,1,1,0,13,"Old",7,4,"BS",1,1,4,3,4,1,TRUE,TRUE,TRUE,TRUE
"206","7-14",7.249315068,"M",6,"L","WS",1,1,1,0,13,"Old",7,3,"WS",1,0,4,3,4,1,TRUE,TRUE,TRUE,TRUE
"207","7-14",7.249315068,"M",6,"L","WS",1,1,1,0,13,"Old",7,2,"BP",0,0,4,3,4,1,TRUE,TRUE,TRUE,TRUE
"208","7-14",7.249315068,"M",6,"L","WS",1,1,1,0,13,"Old",7,1,"WP",0,0,4,3,4,1,TRUE,TRUE,TRUE,TRUE
"209","7-15",7.260273973,"M",1,"R","BS",1,1,1,1,12,"Old",7,4,"WP",1,1,0,0,4,4,FALSE,FALSE,TRUE,TRUE
"210","7-15",7.260273973,"M",1,"R","BS",1,1,1,1,12,"Old",7,3,"BS",0,1,0,0,4,4,FALSE,FALSE,TRUE,TRUE
"211","7-15",7.260273973,"M",1,"R","BS",1,1,1,1,12,"Old",7,2,"WS",1,1,0,0,4,4,FALSE,FALSE,TRUE,TRUE
"212","7-15",7.260273973,"M",1,"R","BS",1,1,1,1,12,"Old",7,1,"BP",0,0,0,0,4,4,FALSE,FALSE,TRUE,TRUE
"213","7-16",7.260273973,"F",2,"R","WS",1,1,1,1,9,"Old",7,4,"BP",1,1,3,4,0,1,TRUE,TRUE,FALSE,TRUE
"214","7-16",7.260273973,"F",2,"R","WS",1,1,1,1,9,"Old",7,1,"BS",1,1,3,4,0,1,TRUE,TRUE,FALSE,TRUE
"215","7-16",7.260273973,"F",2,"R","WS",1,1,1,1,9,"Old",7,3,"WP",0,0,3,4,0,1,TRUE,TRUE,FALSE,TRUE
"216","7-16",7.260273973,"F",2,"R","WS",1,1,1,1,9,"Old",7,2,"WS",0,1,3,4,0,1,TRUE,TRUE,FALSE,TRUE
"217","7-18",7.230136986,"M",5,"L","BS",1,1,1,1,10,"Old",7,1,"WP",1,1,3,1,4,1,TRUE,TRUE,TRUE,TRUE
"218","7-18",7.230136986,"M",5,"L","BS",1,1,1,1,10,"Old",7,3,"BP",1,1,3,1,4,1,TRUE,TRUE,TRUE,TRUE
"219","7-18",7.230136986,"M",5,"L","BS",1,1,1,1,10,"Old",7,4,"BS",0,1,3,1,4,1,TRUE,TRUE,TRUE,TRUE
"220","7-18",7.230136986,"M",5,"L","BS",1,1,1,1,10,"Old",7,2,"WS",0,0,3,1,4,1,TRUE,TRUE,TRUE,TRUE
"221","7-2",7.131506849,"F",6,"L","WS",2,1,1,1,12,"Old",7,3,"BP",1,1,4,0,4,0,TRUE,FALSE,TRUE,FALSE
"222","7-2",7.131506849,"F",6,"L","WS",2,1,1,1,12,"Old",7,4,"BS",0,0,4,0,4,0,TRUE,FALSE,TRUE,FALSE
"223","7-2",7.131506849,"F",6,"L","WS",2,1,1,1,12,"Old",7,2,"WP",1,1,4,0,4,0,TRUE,FALSE,TRUE,FALSE
"224","7-2",7.131506849,"F",6,"L","WS",2,1,1,1,12,"Old",7,1,"WS",0,1,4,0,4,0,TRUE,FALSE,TRUE,FALSE
"225","7-20",7.301369863,"F",1,"R","BS",1,1,1,1,12,"Old",7,1,"WS",1,1,0,0,4,4,FALSE,FALSE,TRUE,TRUE
"226","7-20",7.301369863,"F",1,"R","BS",1,1,1,1,12,"Old",7,3,"BP",1,1,0,0,4,4,FALSE,FALSE,TRUE,TRUE
"227","7-20",7.301369863,"F",1,"R","BS",1,1,1,1,12,"Old",7,2,"WP",0,0,0,0,4,4,FALSE,FALSE,TRUE,TRUE
"228","7-20",7.301369863,"F",1,"R","BS",1,1,1,1,12,"Old",7,4,"BS",0,1,0,0,4,4,FALSE,FALSE,TRUE,TRUE
"229","7-3",7.676712329,"F",2,"R","WS",1,1,1,1,10,"Old",7,3,"BS",0,0,4,4,0,1,TRUE,TRUE,FALSE,TRUE
"230","7-3",7.676712329,"F",2,"R","WS",1,1,1,1,10,"Old",7,2,"WP",1,1,4,4,0,1,TRUE,TRUE,FALSE,TRUE
"231","7-3",7.676712329,"F",2,"R","WS",1,1,1,1,10,"Old",7,1,"WS",1,0,4,4,0,1,TRUE,TRUE,FALSE,TRUE
"232","7-3",7.676712329,"F",2,"R","WS",1,1,1,1,10,"Old",7,4,"BP",0,0,4,4,0,1,TRUE,TRUE,FALSE,TRUE
"233","7-4",7.775342466,"M",8,"R","WP",1,1,1,1,12,"Old",7,1,"WS",1,1,0,4,0,4,FALSE,TRUE,FALSE,TRUE
"234","7-4",7.775342466,"M",8,"R","WP",1,1,1,1,12,"Old",7,2,"BS",1,1,0,4,0,4,FALSE,TRUE,FALSE,TRUE
"235","7-4",7.775342466,"M",8,"R","WP",1,1,1,1,12,"Old",7,4,"BP",0,0,0,4,0,4,FALSE,TRUE,FALSE,TRUE
"236","7-4",7.775342466,"M",8,"R","WP",1,1,1,1,12,"Old",7,3,"WP",0,1,0,4,0,4,FALSE,TRUE,FALSE,TRUE
"237","7-5",7.098630137,"F",5,"L","BS",3,1,1,0,5,"Old",7,1,"WS",1,1,3,3,3,1,TRUE,TRUE,TRUE,TRUE
"238","7-5",7.098630137,"F",5,"L","BS",3,1,1,0,5,"Old",7,2,"BS",1,0,3,3,3,1,TRUE,TRUE,TRUE,TRUE
"239","7-5",7.098630137,"F",5,"L","BS",3,1,1,0,5,"Old",7,4,"BP",1,1,3,3,3,1,TRUE,TRUE,TRUE,TRUE
"240","7-5",7.098630137,"F",5,"L","BS",3,1,1,0,5,"Old",7,3,"WP",0,0,3,3,3,1,TRUE,TRUE,TRUE,TRUE
"241","7-6",7.263013699,"F",3,"L","BP",1,1,1,1,15,"Old",7,1,"WS",1,1,0,4,3,4,FALSE,TRUE,TRUE,TRUE
"242","7-6",7.263013699,"F",3,"L","BP",1,1,1,1,15,"Old",7,3,"WP",1,1,0,4,3,4,FALSE,TRUE,TRUE,TRUE
"243","7-6",7.263013699,"F",3,"L","BP",1,1,1,1,15,"Old",7,2,"BP",0,1,0,4,3,4,FALSE,TRUE,TRUE,TRUE
"244","7-6",7.263013699,"F",3,"L","BP",1,1,1,1,15,"Old",7,4,"BS",1,1,0,4,3,4,FALSE,TRUE,TRUE,TRUE
"245","7-7",7.454794521,"M",4,"L","WP",1,1,1,1,16,"Old",7,1,"WS",1,1,4,4,0,4,TRUE,TRUE,FALSE,TRUE
"246","7-7",7.454794521,"M",4,"L","WP",1,1,1,1,16,"Old",7,2,"BP",1,1,4,4,0,4,TRUE,TRUE,FALSE,TRUE
"247","7-7",7.454794521,"M",4,"L","WP",1,1,1,1,16,"Old",7,3,"BS",1,1,4,4,0,4,TRUE,TRUE,FALSE,TRUE
"248","7-7",7.454794521,"M",4,"L","WP",1,1,1,1,16,"Old",7,4,"WP",0,1,4,4,0,4,TRUE,TRUE,FALSE,TRUE
"249","7-8",7.753424658,"F",7,"R","BP",1,1,1,1,15,"Old",7,3,"WS",0,0,0,4,3,4,FALSE,TRUE,TRUE,TRUE
"250","7-8",7.753424658,"F",7,"R","BP",1,1,1,1,15,"Old",7,1,"WP",1,1,0,4,3,4,FALSE,TRUE,TRUE,TRUE
"251","7-8",7.753424658,"F",7,"R","BP",1,1,1,1,15,"Old",7,2,"BS",1,1,0,4,3,4,FALSE,TRUE,TRUE,TRUE
"252","7-8",7.753424658,"F",7,"R","BP",1,1,1,1,15,"Old",7,4,"BP",0,1,0,4,3,4,FALSE,TRUE,TRUE,TRUE
"253","7-9",7.243835616,"M",4,"L","WP",1,1,1,1,10,"Old",7,2,"WP",0,1,4,4,1,0,TRUE,TRUE,TRUE,FALSE
"254","7-9",7.243835616,"M",4,"L","WP",1,1,1,1,10,"Old",7,3,"WS",0,0,4,4,1,0,TRUE,TRUE,TRUE,FALSE
"255","7-9",7.243835616,"M",4,"L","WP",1,1,1,1,10,"Old",7,1,"BP",1,1,4,4,1,0,TRUE,TRUE,TRUE,FALSE
"256","7-9",7.243835616,"M",4,"L","WP",1,1,1,1,10,"Old",7,4,"BS",1,1,4,4,1,0,TRUE,TRUE,TRUE,FALSE
